name,datetime,tempmax,tempmin,temp,feelslikemax,feelslikemin,feelslike,dew,humidity,precip,precipprob,precipcover,preciptype,snow,snowdepth,windgust,windspeed,winddir,sealevelpressure,cloudcover,visibility,solarradiation,solarenergy,uvindex,severerisk,sunrise,sunset,moonphase,conditions,description,icon,stations
"Nelson, NSN, NZ",23/12/2023,20.4,16.7,18.3,20.4,16.7,18.3,16.3,88.1,8,100,8.33,rain,0,0,10.4,16.6,56.3,1018.5,100,13.9,26.7,2.2,1,10,2023-12-23T05:50:55,2023-12-23T21:00:18,0.36,"Rain, Overcast",Cloudy skies throughout the day with rain.,rain,93546099999
"Nelson, NSN, NZ",24/12/2023,22.7,18.1,19.6,22.7,18.1,19.6,18.5,93.7,8,100,8.33,rain,0,0,34.9,33.5,41.4,1013.1,96,10.8,184.2,15.8,7,10,2023-12-24T05:51:27,2023-12-24T21:00:44,0.39,"Rain, Overcast",Cloudy skies throughout the day with rain clearing later.,rain,93546099999
"Nelson, NSN, NZ",25/12/2023,23.1,18.4,20.5,23.1,18.4,20.5,17.8,84.8,3,100,4.17,rain,0,0,32.8,35.3,33.9,1010.4,87.5,12.5,321.9,27.9,10,10,2023-12-25T05:52:01,2023-12-25T21:01:08,0.43,"Rain, Partially cloudy",Partly cloudy throughout the day with early morning rain.,rain,"93546099999,7JLP"
"Nelson, NSN, NZ",26/12/2023,22.6,15.2,19.5,22.6,15.2,19.5,17,85.7,0,0,0,,0,0,19.8,37.1,16.9,1014,41.1,10.9,376.7,32.7,10,10,2023-12-26T05:52:37,2023-12-26T21:01:29,0.46,Partially cloudy,Partly cloudy throughout the day.,partly-cloudy-day,"93546099999,7JLP"
"Nelson, NSN, NZ",27/12/2023,22.1,16.7,19.4,22.1,16.7,19.4,15.1,76.9,9,100,8.33,rain,0,0,11.9,25.9,2.9,1020.3,57.9,16.6,249.4,21.5,10,10,2023-12-27T05:53:16,2023-12-27T21:01:49,0.5,"Rain, Partially cloudy",Partly cloudy throughout the day with rain in the morning and afternoon.,rain,"93546099999,7JLP"
"Nelson, NSN, NZ",28/12/2023,22.7,13.9,18.9,22.7,13.9,18.9,13.3,70.7,0,0,0,,0,0,18.7,25.9,27.4,1019.6,89.7,18.9,292,25.1,10,10,2023-12-28T05:53:56,2023-12-28T21:02:06,0.53,Partially cloudy,Partly cloudy throughout the day.,partly-cloudy-day,"93546099999,7JLP"
"Nelson, NSN, NZ",29/12/2023,21.6,16.9,19.3,21.6,16.9,19.3,18.2,93.4,21.2,100,16.67,rain,0,0,49.7,33.5,43.8,1006.4,84.7,7.8,154.6,13.3,7,10,2023-12-29T05:54:39,2023-12-29T21:02:21,0.56,"Rain, Partially cloudy",Partly cloudy throughout the day with a chance of rain throughout the day.,rain,93546099999
"Nelson, NSN, NZ",30/12/2023,24.2,18.4,21.2,24.2,18.4,21.2,16.2,73.7,0,0,0,rain,0,0,21.6,38.9,38.5,1005.6,44.6,15,350.2,30.2,10,10,2023-12-30T05:55:23,2023-12-30T21:02:34,0.59,Partially cloudy,Clearing in the afternoon.,partly-cloudy-day,93546099999
"Nelson, NSN, NZ",31/12/2023,25.1,15.4,20.4,25.1,15.4,20.4,13.4,67.1,4.8,100,8.33,rain,0,0,47.5,48.2,318.5,1006.2,80.5,13.5,258.6,22.4,9,10,2023-12-31T05:56:09,2023-12-31T21:02:44,0.63,"Rain, Partially cloudy",Partly cloudy throughout the day with rain in the morning and afternoon.,rain,93546099999
"Nelson, NSN, NZ",1/01/2024,21.9,12.4,17.4,21.9,12.4,17.4,7,51.7,0,0,0,,0,0,29.9,38.9,230.6,1015.2,20,19.6,394.3,34.1,10,10,2024-01-01T05:56:57,2024-01-01T21:02:52,0.66,Clear,Partly cloudy throughout the day.,clear-day,"93546099999,7JLP"
"Nelson, NSN, NZ",2/01/2024,21.1,12.9,17.1,21.1,12.9,17.1,10.1,64,0,0,0,,0,0,18.7,29.5,284.5,1017.9,43.9,19.2,381,32.9,10,10,2024-01-02T05:57:47,2024-01-02T21:02:58,0.69,Partially cloudy,Partly cloudy throughout the day.,partly-cloudy-day,"93546099999,7JLP"
"Nelson, NSN, NZ",3/01/2024,22,13.7,17.9,22,13.7,17.9,13.8,77.3,0,0,0,,0,0,16.9,25.9,9.4,1018.6,46.3,19.6,376.1,32.4,10,10,2024-01-03T05:58:38,2024-01-03T21:03:01,0.72,Partially cloudy,Partly cloudy throughout the day.,partly-cloudy-day,"93546099999,7JLP"
"Nelson, NSN, NZ",4/01/2024,21.9,15.4,18.4,21.9,15.4,18.4,14.4,78.1,0.2,100,4.17,rain,0,0,30.2,40.7,29.7,1015,81.3,16.6,341.5,29.4,10,10,2024-01-04T05:59:31,2024-01-04T21:03:02,0.75,"Rain, Partially cloudy",Partly cloudy throughout the day with afternoon rain.,rain,"93546099999,7JLP"
"Nelson, NSN, NZ",5/01/2024,20.6,16.2,17.9,20.6,16.2,17.9,12.9,72.8,0.2,100,4.17,rain,0,0,32,33.5,27.6,1010.8,96,18.8,72.4,6.3,4,10,2024-01-05T06:00:26,2024-01-05T21:03:00,0.79,"Rain, Overcast",Cloudy skies throughout the day with afternoon rain.,rain,"93546099999,7JLP"
"Nelson, NSN, NZ",6/01/2024,21.1,13.7,17.2,21.1,13.7,17.2,13.9,81.5,12.4,100,12.5,rain,0,0,12.2,29.5,9.8,1012.7,68.7,17.2,253.9,21.8,9,10,2024-01-06T06:01:22,2024-01-06T21:02:57,0.82,"Rain, Partially cloudy",Becoming cloudy in the afternoon with rain clearing later.,rain,"93546099999,7JLP"
"Nelson, NSN, NZ",7/01/2024,21.4,15.6,18.3,21.4,15.6,18.3,13.9,76,0,0,0,,0,0,17.3,20.5,0.6,1020.9,46.5,19.2,375,32.2,10,10,2024-01-07T06:02:20,2024-01-07T21:02:50,0.85,Partially cloudy,Partly cloudy throughout the day.,partly-cloudy-day,93546099999
"Nelson, NSN, NZ",8/01/2024,22.7,13.9,18.9,22.7,13.9,18.9,14.7,78,0,0,0,,0,0,23.4,31.7,28.6,1023.8,37.3,19.2,372.3,32.2,10,10,2024-01-08T06:03:19,2024-01-08T21:02:42,0.89,Partially cloudy,Partly cloudy throughout the day.,partly-cloudy-day,93546099999
"Nelson, NSN, NZ",9/01/2024,23.9,13.4,19.3,23.9,13.4,19.3,13.8,72.1,0,0,0,,0,0,23.8,37.1,359.9,1022.8,68.4,17.1,363.8,31.2,10,10,2024-01-09T06:04:20,2024-01-09T21:02:31,0.92,Partially cloudy,Partly cloudy throughout the day.,partly-cloudy-day,93546099999
"Nelson, NSN, NZ",10/01/2024,23.9,15.2,20.2,23.9,15.2,20.2,14.7,71.7,0,0,0,,0,0,14,22.3,356.4,1025.8,88.7,19.6,350.8,30.5,10,10,2024-01-10T06:05:22,2024-01-10T21:02:18,0.95,Partially cloudy,Partly cloudy throughout the day.,partly-cloudy-day,93546099999
"Nelson, NSN, NZ",11/01/2024,24.2,14.7,20.1,24.2,14.7,20.1,15.6,76,0,0,0,,0,0,25.6,37.1,40.9,1023.2,32.5,16.7,379.6,33,10,10,2024-01-11T06:06:25,2024-01-11T21:02:03,0.98,Partially cloudy,Clearing in the afternoon.,partly-cloudy-day,93546099999
"Nelson, NSN, NZ",12/01/2024,26.4,16.9,21.6,26.4,16.9,21.6,15.9,70.8,0,0,0,,0,0,40.7,33.5,5.1,1022.6,10.1,19.2,381.4,32.9,10,10,2024-01-12T06:07:30,2024-01-12T21:01:45,0,Clear,Clear conditions throughout the day.,clear-day,93546099999
"Nelson, NSN, NZ",13/01/2024,23.9,18.9,21.1,23.9,18.9,21.1,17.7,81.1,0.2,100,4.17,rain,0,0,28.1,40.7,16.3,1020.7,5.6,15,382.8,33.1,10,10,2024-01-13T06:08:35,2024-01-13T21:01:25,0.05,Rain,Clear conditions throughout the day with morning rain.,rain,93546099999
"Nelson, NSN, NZ",14/01/2024,24.2,15.4,20.6,24.2,15.4,20.6,15,70.6,0,0,0,rain,0,0,35.6,48.2,17.5,1015.7,78.7,18.8,296.3,25.8,10,10,2024-01-14T06:09:42,2024-01-14T21:01:02,0.09,Partially cloudy,Partly cloudy throughout the day.,partly-cloudy-day,93546099999
"Nelson, NSN, NZ",15/01/2024,26.4,17.4,21.1,26.4,17.4,21.1,13.2,63.8,0,0,0,,0,0,28.4,44.6,296.5,1012.9,79,18.8,340.3,29.3,10,10,2024-01-15T06:10:50,2024-01-15T21:00:38,0.12,Partially cloudy,Partly cloudy throughout the day.,partly-cloudy-day,93546099999
"Nelson, NSN, NZ",16/01/2024,24.4,15.4,19.2,24.4,15.4,19.2,11.1,59.5,0,0,0,,0,0,13,27.7,359.8,1021.6,28.7,19.2,362.8,31.5,10,10,2024-01-16T06:11:59,2024-01-16T21:00:11,0.16,Partially cloudy,Partly cloudy throughout the day.,partly-cloudy-day,93546099999
"Nelson, NSN, NZ",17/01/2024,23.4,13.4,19.2,23.4,13.4,19.2,14.1,72.6,0,0,0,,0,0,23.8,31.7,32.5,1021.6,70.8,19.2,317.5,27.5,10,10,2024-01-17T06:13:08,2024-01-17T20:59:42,0.19,Partially cloudy,Partly cloudy throughout the day.,partly-cloudy-day,93546099999
"Nelson, NSN, NZ",18/01/2024,21.2,19.4,20.4,21.2,19.4,20.4,18.8,90.5,10.2,100,16.67,rain,0,0,22.7,29.5,41,1019.1,95,13.8,41.9,3.6,3,10,2024-01-18T06:14:19,2024-01-18T20:59:11,0.25,"Rain, Overcast",Cloudy skies throughout the day with rain.,rain,93546099999
"Nelson, NSN, NZ",19/01/2024,23.6,19.1,21.4,23.6,19.1,21.4,19.4,88.7,1.2,100,8.33,rain,0,0,40.7,37.1,40.9,1016.1,95.9,12.3,257.7,22.4,8,10,2024-01-19T06:15:30,2024-01-19T20:58:37,0.26,"Rain, Overcast",Cloudy skies throughout the day with rain in the morning and afternoon.,rain,93546099999
"Nelson, NSN, NZ",20/01/2024,25.9,20.6,22.8,25.9,20.6,22.8,19.9,84.4,4,100,8.33,rain,0,0,27,40.7,29.8,1012.4,96,11.9,216.8,18.7,9,10,2024-01-20T06:16:42,2024-01-20T20:58:02,0.3,"Rain, Overcast",Cloudy skies throughout the day with morning rain.,rain,93546099999
"Nelson, NSN, NZ",21/01/2024,25.4,18.2,21.4,25.4,18.2,21.4,18.7,85.4,0,0,0,,0,0,20.2,25.9,17.9,1014,33.5,15,355.6,30.7,10,10,2024-01-21T06:17:55,2024-01-21T20:57:24,0.33,Partially cloudy,Becoming cloudy in the afternoon.,partly-cloudy-day,93546099999
"Nelson, NSN, NZ",22/01/2024,25.9,19.1,21.6,25.9,19.1,21.6,18.8,84.4,0,0,0,rain,0,0,11.9,25.9,18.6,1004.9,50.8,16,286.3,24.6,9,10,2024-01-22T06:19:08,2024-01-22T20:56:44,0.37,Partially cloudy,Partly cloudy throughout the day.,partly-cloudy-day,93546099999
"Nelson, NSN, NZ",23/01/2024,23.9,15.4,20.3,23.9,15.4,20.3,12.9,65.9,17.2,100,12.5,rain,0,0,36,44.6,251.2,995.8,24.8,18.8,343.2,29.6,10,10,2024-01-23T06:20:22,2024-01-23T20:56:02,0.4,"Rain, Partially cloudy",Partly cloudy throughout the day with a chance of rain throughout the day.,rain,93546099999
"Nelson, NSN, NZ",24/01/2024,21.4,9.6,15.8,21.4,9.2,15.7,6.4,54.9,0,0,0,,0,0,31.3,31.7,262.4,1009.6,13,19.2,364.2,31.6,10,10,2024-01-24T06:21:36,2024-01-24T20:55:18,0.44,Clear,Clear conditions throughout the day.,clear-day,93546099999
"Nelson, NSN, NZ",25/01/2024,21.7,11.2,16.8,21.7,11.2,16.8,9,61.4,0,0,0,,0,0,15.5,22.3,306.6,1014.9,14.5,20,366.3,31.5,10,10,2024-01-25T06:22:51,2024-01-25T20:54:33,0.47,Clear,Clear conditions throughout the day.,clear-day,93546099999
"Nelson, NSN, NZ",26/01/2024,21.2,11.4,16.8,21.2,11.4,16.8,11.2,69.8,0,0,0,,0,0,17.3,27.7,31.6,1010.6,55.2,19.2,327.4,28.3,10,10,2024-01-26T06:24:07,2024-01-26T20:53:45,0.5,Partially cloudy,Partly cloudy throughout the day.,partly-cloudy-day,93546099999
"Nelson, NSN, NZ",27/01/2024,27.4,17.9,21.9,26.7,17.9,21.8,13.2,62.9,4.2,100,8.33,rain,0,0,54,51.8,323.1,999.5,49.8,15.6,276,23.8,10,10,2024-01-27T06:25:22,2024-01-27T20:52:55,0.54,"Rain, Partially cloudy",Clearing in the afternoon with rain in the morning and afternoon.,rain,93546099999
"Nelson, NSN, NZ",28/01/2024,20.9,13.7,17.9,20.9,13.7,17.9,11.3,65.9,0,0,0,,0,0,31.3,31.7,22.5,1001.2,79.6,17.5,263.6,22.8,9,10,2024-01-28T06:26:38,2024-01-28T20:52:03,0.57,Partially cloudy,Partly cloudy throughout the day.,partly-cloudy-day,"93546099999,7JLP"
"Nelson, NSN, NZ",29/01/2024,22.7,15.4,19.1,22.7,15.4,19.1,13.5,70.4,0,0,0,,0,0,22.7,33.5,8.6,1002.2,13.8,18,358.6,30.9,10,10,2024-01-29T06:27:55,2024-01-29T20:51:10,0.61,Clear,Clear conditions throughout the day.,clear-day,"93546099999,7JLP"
"Nelson, NSN, NZ",30/01/2024,22.2,13.4,18.5,22.2,13.4,18.5,14.1,76.3,0,0,0,,0,0,21.2,26.7,12,1008.3,9.7,17.9,357.3,30.9,10,10,2024-01-30T06:29:11,2024-01-30T20:50:14,0.64,Clear,Clear conditions throughout the day.,clear-day,"93546099999,7JLP"
"Nelson, NSN, NZ",31/01/2024,22.4,14.4,18.8,22.4,14.4,18.8,15,79.3,0,0,0,,0,0,20.5,25.9,17.7,1007.6,23.3,17.4,351.3,30.4,10,10,2024-01-31T06:30:28,2024-01-31T20:49:17,0.67,Partially cloudy,Partly cloudy throughout the day.,partly-cloudy-day,"93546099999,7JLP"
"Nelson, NSN, NZ",1/02/2024,24.1,15.9,20.3,24.1,15.9,20.3,12.6,62.5,0,0,0,,0,0,29.9,33.5,356.1,998.8,38.1,17,345.4,29.9,10,10,2024-02-01T06:31:45,2024-02-01T20:48:18,0.7,Partially cloudy,Partly cloudy throughout the day.,partly-cloudy-day,"93546099999,7JLP"
"Nelson, NSN, NZ",2/02/2024,19.7,12.8,18,19.7,12.8,18,11.8,68.5,3,100,4.17,rain,0,0,66.6,50,323.3,987.6,77.9,16.5,165.3,14.2,7,10,2024-02-02T06:33:02,2024-02-02T20:47:17,0.74,"Rain, Partially cloudy",Partly cloudy throughout the day with late afternoon rain.,rain,"93546099999,remote,7JLP"
"Nelson, NSN, NZ",3/02/2024,19.4,8.9,14.1,19.4,7.8,14,8,69.3,2,100,12.5,rain,0,0,58.3,40.7,222.7,989.3,29.2,19.2,264.9,22.8,10,10,2024-02-03T06:34:19,2024-02-03T20:46:15,0.75,"Rain, Partially cloudy",Partly cloudy throughout the day with a chance of rain throughout the day.,rain,93546099999
"Nelson, NSN, NZ",4/02/2024,21.7,8.9,16.5,21.7,8,16.4,9,62.6,0,0,0,,0,0,41.4,40.7,258.1,1010.7,1.7,17.9,348.7,30.1,10,10,2024-02-04T06:35:36,2024-02-04T20:45:11,0.8,Clear,Clear conditions throughout the day.,clear-day,93546099999
"Nelson, NSN, NZ",5/02/2024,24.7,16.7,19.9,24.7,16.7,19.9,12.3,62.3,0,0,0,,0,0,49,33.5,237.9,1018.1,0.6,19.2,341.6,29.5,10,10,2024-02-05T06:36:53,2024-02-05T20:44:05,0.84,Clear,Clear conditions throughout the day.,clear-day,93546099999
"Nelson, NSN, NZ",6/02/2024,23.4,14.2,18.9,23.4,14.2,18.9,15.7,82.1,0,0,0,,0,0,12.6,22.3,355.9,1017.2,22.5,13.3,346.4,30,10,10,2024-02-06T06:38:10,2024-02-06T20:42:58,0.87,Partially cloudy,Partly cloudy throughout the day.,partly-cloudy-day,"93546099999,7JLP"
"Nelson, NSN, NZ",7/02/2024,23.9,14.6,19,23.9,14.6,19,15.1,79,0,0,0,,0,0,29.2,29.5,9.5,1015.7,36.7,13,343.4,29.9,10,10,2024-02-07T06:39:27,2024-02-07T20:41:49,0.9,Partially cloudy,Partly cloudy throughout the day.,partly-cloudy-day,"93546099999,7JLP"
"Nelson, NSN, NZ",8/02/2024,23.2,15.9,19.5,23.2,15.9,19.5,16.2,81.3,0,0,0,,0,0,19.4,16.6,348.8,1016.3,64.7,13.5,314,27.2,9,10,2024-02-08T06:40:44,2024-02-08T20:40:39,0.93,Partially cloudy,Partly cloudy throughout the day.,partly-cloudy-day,"93546099999,remote"
"Nelson, NSN, NZ",9/02/2024,22.4,16.7,20.2,22.4,16.7,20.2,12,60.4,0,0,0,,0,0,14.4,24.1,34.9,1020.4,37,18.3,317.5,27.4,10,10,2024-02-09T06:42:00,2024-02-09T20:39:27,0.97,Partially cloudy,Clearing in the afternoon.,partly-cloudy-day,93546099999
"Nelson, NSN, NZ",10/02/2024,23.7,13.2,17.8,23.7,13.2,17.8,11.5,69.1,0,0,0,,0,0,40,33.5,262.8,1011.5,30.4,18.5,329,28.5,10,10,2024-02-10T06:43:17,2024-02-10T20:38:14,0,Partially cloudy,Partly cloudy throughout the day.,partly-cloudy-day,93546099999
"Nelson, NSN, NZ",11/02/2024,19.2,12.4,16.2,19.2,12.4,16.2,7.5,56.9,0,0,0,rain,0,0,41.8,37.1,340.3,1016.2,36.2,20,311.2,26.8,10,10,2024-02-11T06:44:33,2024-02-11T20:37:00,0.03,Partially cloudy,Clearing in the afternoon.,partly-cloudy-day,93546099999
"Nelson, NSN, NZ",12/02/2024,20.4,12.1,17,20.4,12.1,17,11.3,69.7,0,0,0,rain,0,0,18.4,29.5,12.6,1021.9,63.3,18.8,316.4,27.5,10,10,2024-02-12T06:45:50,2024-02-12T20:35:44,0.07,Partially cloudy,Partly cloudy throughout the day.,partly-cloudy-day,93546099999
"Nelson, NSN, NZ",13/02/2024,20.4,12.9,16.9,20.4,12.9,16.9,12.8,77.3,0,0,0,,0,0,13,22.3,341.9,1022.7,17.1,17.5,327.5,28.2,10,10,2024-02-13T06:47:06,2024-02-13T20:34:26,0.1,Clear,Clear conditions throughout the day.,clear-day,93546099999
"Nelson, NSN, NZ",14/02/2024,21.1,14.9,17.8,21.1,14.9,17.8,13.4,76,0,0,0,,0,0,23,31.7,43.2,1022,1.6,17.1,325.9,28.1,10,10,2024-02-14T06:48:22,2024-02-14T20:33:08,0.14,Clear,Clear conditions throughout the day.,clear-day,93546099999
"Nelson, NSN, NZ",15/02/2024,24.9,12.6,19.3,24.9,12.6,19.3,11.1,59.4,0,0,0,,0,0,29.2,31.7,279.2,1021.9,40.1,19.6,318.1,27.6,10,10,2024-02-15T06:49:37,2024-02-15T20:31:48,0.17,Partially cloudy,Clearing in the afternoon.,partly-cloudy-day,93546099999
"Nelson, NSN, NZ",16/02/2024,22.1,13.7,19.1,22.1,13.7,19.1,14.4,74.4,0,0,0,,0,0,26.3,31.7,36.6,1024.8,15,19.1,313.6,27,9,10,2024-02-16T06:50:53,2024-02-16T20:30:27,0.21,Clear,Clear conditions throughout the day.,clear-day,"93546099999,remote"
"Nelson, NSN, NZ",17/02/2024,23.2,17.7,20,23.2,17.7,20,15.9,77.7,0,0,0,,0,0,22,42.5,18,1023.2,49.9,16.3,298.7,25.9,9,10,2024-02-17T06:52:08,2024-02-17T20:29:05,0.25,Partially cloudy,Partly cloudy throughout the day.,partly-cloudy-day,93546099999
"Nelson, NSN, NZ",18/02/2024,21.7,14.4,18.1,21.7,14.4,18.1,14.1,78.2,0,0,0,,0,0,17.6,24.1,6.4,1018.6,56.8,15.4,306,26.5,10,10,2024-02-18T06:53:22,2024-02-18T20:27:42,0.27,Partially cloudy,Partly cloudy throughout the day.,partly-cloudy-day,93546099999
"Nelson, NSN, NZ",19/02/2024,25.7,15.6,20.5,25.7,15.6,20.5,11.9,58.4,0,0,0,rain,0,0,33.5,29.5,313.2,1010.7,53.4,19.2,183.8,15.9,6,10,2024-02-19T06:54:37,2024-02-19T20:26:17,0.31,Partially cloudy,Partly cloudy throughout the day.,partly-cloudy-day,93546099999
"Nelson, NSN, NZ",20/02/2024,20.9,16.2,18.2,20.9,16.2,18.2,9,55.7,0,0,0,rain,0,0,29.2,35.3,333.6,1015.9,43.6,18.3,275.4,23.7,9,10,2024-02-20T06:55:51,2024-02-20T20:24:52,0.34,Partially cloudy,Partly cloudy throughout the day.,partly-cloudy-day,93546099999
"Nelson, NSN, NZ",21/02/2024,20.4,13.7,17.4,20.4,13.7,17.4,11.3,67.8,0,0,0,,0,0,10.8,20.5,7.9,1024.3,56,17.5,285.4,24.5,9,10,2024-02-21T06:57:05,2024-02-21T20:23:25,0.38,Partially cloudy,Partly cloudy throughout the day.,partly-cloudy-day,93546099999
"Nelson, NSN, NZ",22/02/2024,20.9,11.4,16.9,20.9,11.4,16.9,12.2,74.1,0,0,0,,0,0,16.2,24.1,16.6,1025.5,62.2,17.5,249.4,21.7,9,10,2024-02-22T06:58:18,2024-02-22T20:21:58,0.41,Partially cloudy,Partly cloudy throughout the day.,partly-cloudy-day,93546099999
"Nelson, NSN, NZ",23/02/2024,22.4,15.4,18.9,22.4,15.4,18.9,13.6,72,0,0,0,,0,0,16.9,27.7,22,1019.9,48.3,18.3,300.3,26.1,9,10,2024-02-23T06:59:32,2024-02-23T20:20:30,0.45,Partially cloudy,Clearing in the afternoon.,partly-cloudy-day,93546099999
"Nelson, NSN, NZ",24/02/2024,22.6,11.9,17.8,22.6,11.9,17.8,14.7,83,0,0,0,rain,0,0,41,51.8,7.3,1013.5,59.7,14.9,238.4,20.6,9,10,2024-02-24T07:00:45,2024-02-24T20:19:00,0.48,Partially cloudy,Partly cloudy throughout the day.,wind,93546099999
"Nelson, NSN, NZ",25/02/2024,21.4,15.7,19.6,21.4,15.7,19.6,14.7,74.1,0,0,0,rain,0,0,35.6,31.7,348.8,1010,29.2,15.6,288.8,25.1,9,10,2024-02-25T07:01:57,2024-02-25T20:17:30,0.5,Partially cloudy,Partly cloudy throughout the day.,partly-cloudy-day,93546099999
"Nelson, NSN, NZ",26/02/2024,20.7,15.7,18.2,20.7,15.7,18.2,14.5,79.5,0,0,0,,0,0,18.7,27.7,49.2,1010.4,88.4,15.4,272.9,23.5,9,10,2024-02-26T07:03:09,2024-02-26T20:15:59,0.55,Partially cloudy,Partly cloudy throughout the day.,partly-cloudy-day,93546099999
"Nelson, NSN, NZ",27/02/2024,20.2,12.6,17.3,20.2,12.6,17.3,12,71.5,0,0,0,,0,0,16.6,16.6,23.7,1005.7,28.3,18.3,288.3,24.8,9,10,2024-02-27T07:04:21,2024-02-27T20:14:28,0.58,Partially cloudy,Becoming cloudy in the afternoon.,partly-cloudy-day,93546099999
"Nelson, NSN, NZ",28/02/2024,21.4,14.2,18.3,21.4,14.2,18.3,14.8,80.2,0.8,100,8.33,rain,0,0,24.8,31.7,19.4,1013.3,58.1,19.2,171.8,14.8,8,10,2024-02-28T07:05:33,2024-02-28T20:12:55,0.62,"Rain, Partially cloudy",Partly cloudy throughout the day with rain in the morning and afternoon.,rain,93546099999
"Nelson, NSN, NZ",29/02/2024,21.2,15.2,18.2,21.2,15.2,18.2,13.4,74,0,0,0,,0,0,20.2,24.1,19.4,1019.2,20.7,19.3,285.3,24.6,9,10,2024-02-29T07:06:44,2024-02-29T20:11:22,0.65,Partially cloudy,Partly cloudy throughout the day.,partly-cloudy-day,"93546099999,remote"
"Nelson, NSN, NZ",1/03/2024,21.2,12.7,17.5,21.2,12.7,17.5,13.7,78.6,0,0,0,,0,0,12.6,24.1,12.5,1014.1,21.9,19.2,282.5,24.3,9,10,2024-03-01T07:07:55,2024-03-01T20:09:48,0.68,Partially cloudy,Becoming cloudy in the afternoon.,partly-cloudy-day,93546099999
"Nelson, NSN, NZ",2/03/2024,21.4,15.4,18.1,21.4,15.4,18.1,14.7,81.1,0,0,0,rain,0,0,30.2,16.6,354.1,1008.5,77.4,18.5,241.1,20.6,9,10,2024-03-02T07:09:05,2024-03-02T20:08:13,0.72,Partially cloudy,Partly cloudy throughout the day.,partly-cloudy-day,"93546099999,remote"
"Nelson, NSN, NZ",3/03/2024,25.2,17.2,20.3,25.2,17.2,20.3,12.9,63.8,0,0,0,,0,0,30.6,31.7,268.3,1004.8,52.6,19.2,242.5,21.1,9,10,2024-03-03T07:10:16,2024-03-03T20:06:38,0.75,Partially cloudy,Clearing in the afternoon.,partly-cloudy-day,93546099999
"Nelson, NSN, NZ",4/03/2024,22.6,12.4,18.2,22.6,12.4,18.2,13.4,75,0.2,100,4.17,rain,0,0,52.2,44.6,4.9,996.2,76.6,14.7,132.4,11.5,8,10,2024-03-04T07:11:26,2024-03-04T20:05:02,0.75,"Rain, Partially cloudy",Partly cloudy throughout the day with morning rain.,rain,93546099999
"Nelson, NSN, NZ",5/03/2024,19.2,9.2,13.4,19.2,6.7,13.2,6.6,66.1,5.2,100,12.5,rain,0,0,54,38.9,226.7,1000.2,53.9,18.9,246.6,21.5,9,10,2024-03-05T07:12:35,2024-03-05T20:03:26,0.82,"Rain, Partially cloudy",Partly cloudy throughout the day with a chance of rain throughout the day.,rain,"93546099999,7JLP"
"Nelson, NSN, NZ",6/03/2024,18.9,7.1,13.1,18.9,6.3,12.9,7.5,69.9,0,0,0,,0,0,23,22.3,21.6,1018.1,38.8,17.8,269.8,23.5,9,10,2024-03-06T07:13:44,2024-03-06T20:01:49,0.85,Partially cloudy,Partly cloudy throughout the day.,partly-cloudy-day,"93546099999,7JLP"
"Nelson, NSN, NZ",7/03/2024,22.7,10.6,15.9,22.7,10.6,15.9,9.7,68.8,0,0,0,,0,0,39.2,31.7,261.8,1019.1,60.5,18.8,261,22.6,9,10,2024-03-07T07:14:53,2024-03-07T20:00:11,0.88,Partially cloudy,Partly cloudy throughout the day.,partly-cloudy-day,93546099999
"Nelson, NSN, NZ",8/03/2024,21.6,13.4,18,21.6,13.4,18,11.5,66.4,0,0,0,,0,0,38.5,27.7,9.9,1019,62.8,17.2,246,21.3,9,10,2024-03-08T07:16:02,2024-03-08T19:58:33,0.92,Partially cloudy,Partly cloudy throughout the day.,partly-cloudy-day,"93546099999,remote,7JLP"
"Nelson, NSN, NZ",9/03/2024,22.2,14.1,17.5,22.2,14.1,17.5,9,58.8,0,0,0,,0,0,48.6,35.3,243.5,1023.2,63.3,19.2,236.3,20.6,8,10,2024-03-09T07:17:10,2024-03-09T19:56:55,0.95,Partially cloudy,Partly cloudy throughout the day.,partly-cloudy-day,93546099999
"Nelson, NSN, NZ",10/03/2024,19.7,13.7,16.9,19.7,13.7,16.9,12,73.4,0,0,0,,0,0,38.5,25.9,354.1,1029.9,83.9,15.8,253.8,21.9,8,10,2024-03-10T07:18:18,2024-03-10T19:55:16,0,Partially cloudy,Partly cloudy throughout the day.,partly-cloudy-day,93546099999
"Nelson, NSN, NZ",11/03/2024,22.2,14.2,18.5,22.2,14.2,18.5,8.6,52.9,0,0,0,,0,0,54.7,40.7,226.5,1019.1,70.6,20.2,118,10.2,4,10,2024-03-11T07:19:26,2024-03-11T19:53:37,0.02,Partially cloudy,Partly cloudy throughout the day.,partly-cloudy-day,"93546099999,remote"
"Nelson, NSN, NZ",12/03/2024,19.1,12.4,15.6,19.1,12.4,15.6,11.8,78.5,0,0,0,,0,0,31,29.5,47.3,1015.3,75.9,20,227.3,19.6,8,10,2024-03-12T07:20:34,2024-03-12T19:51:58,0.05,Partially cloudy,Partly cloudy throughout the day.,partly-cloudy-day,"93546099999,remote"
"Nelson, NSN, NZ",13/03/2024,20.9,14.9,18,20.9,14.9,18,13.2,74,0,0,0,rain,0,0,33.5,48.2,21.5,1009.3,78.8,16.8,172.6,14.9,7,10,2024-03-13T07:21:41,2024-03-13T19:50:18,0.09,Partially cloudy,Partly cloudy throughout the day.,partly-cloudy-day,"93546099999,remote"
"Nelson, NSN, NZ",14/03/2024,19.1,13.6,16,19.1,13.6,16,9,63.7,0.2,100,4.17,rain,0,0,32.8,24.1,292.9,1009.2,41.8,18.3,255.5,22,8,10,2024-03-14T07:22:48,2024-03-14T19:48:38,0.12,"Rain, Partially cloudy",Partly cloudy throughout the day with early morning rain.,rain,93546099999
"Nelson, NSN, NZ",15/03/2024,21.4,12.7,15.9,21.4,12.7,15.9,6.2,53.2,0,0,0,rain,0,0,40,35.3,238.9,1003,69.1,19.6,204.1,17.7,8,10,2024-03-15T07:23:55,2024-03-15T19:46:58,0.15,Partially cloudy,Partly cloudy throughout the day.,partly-cloudy-day,93546099999
"Nelson, NSN, NZ",16/03/2024,16.7,4.9,11.8,16.7,4.9,11.5,5.4,66.1,0,0,0,,0,0,19.8,24.1,356.3,1012.1,33.6,19.6,247,21.4,8,10,2024-03-16T07:25:01,2024-03-16T19:45:17,0.19,Partially cloudy,Becoming cloudy in the afternoon.,partly-cloudy-day,93546099999
"Nelson, NSN, NZ",17/03/2024,21.7,11.2,16,21.7,11.2,16,7.7,58.8,0,0,0,,0,0,33.5,40.7,258.2,1013.9,32.2,19.6,243.6,21.2,8,10,2024-03-17T07:26:07,2024-03-17T19:43:37,0.25,Partially cloudy,Clearing in the afternoon.,partly-cloudy-day,93546099999
"Nelson, NSN, NZ",18/03/2024,21.2,12.2,16,21.2,12.2,16,8.5,63.2,0,0,0,rain,0,0,29.2,37.1,291.9,1018.1,44.5,18.5,230.4,19.8,8,10,2024-03-18T07:27:14,2024-03-18T19:41:56,0.25,Partially cloudy,Partly cloudy throughout the day.,partly-cloudy-day,93546099999
"Nelson, NSN, NZ",19/03/2024,17.9,10.1,13.9,17.9,10.1,13.9,8.8,73.9,1.2,100,8.33,rain,0,0,13.7,27.7,342.8,1027.6,28.8,20,241.6,20.7,8,10,2024-03-19T07:28:19,2024-03-19T19:40:15,0.29,"Rain, Partially cloudy",Clearing in the afternoon with rain.,rain,93546099999
"Nelson, NSN, NZ",20/03/2024,17.1,9.1,13.3,17.1,9.1,13.2,7.2,67.3,0,0,0,,0,0,13.3,22.3,1.4,1029.8,1.6,18.9,243.9,20.9,8,10,2024-03-20T07:29:25,2024-03-20T19:38:34,0.32,Clear,Clear conditions throughout the day.,clear-day,"93546099999,remote"
"Nelson, NSN, NZ",21/03/2024,17.9,7.9,13.4,17.9,7.2,13.2,8.7,74.1,0,0,0,,0,0,19.1,22.3,25.7,1023.5,15.1,19.6,241.8,20.9,8,10,2024-03-21T07:30:31,2024-03-21T19:36:54,0.35,Clear,Clear conditions throughout the day.,clear-day,93546099999
"Nelson, NSN, NZ",22/03/2024,19.2,11.6,15.4,19.2,11.6,15.4,10.8,74.3,0,0,0,,0,0,13.3,22.3,20.4,1018.6,95.2,18.9,167,14.5,6,10,2024-03-22T07:31:36,2024-03-22T19:35:13,0.39,Overcast,Cloudy skies throughout the day.,cloudy,93546099999
"Nelson, NSN, NZ",23/03/2024,19.7,12.7,15.8,19.7,12.7,15.8,12.8,82.3,0,0,0,,0,0,13.7,22.3,0.2,1015.8,53.4,18.3,215.6,18.6,8,10,2024-03-23T07:32:41,2024-03-23T19:33:32,0.42,Partially cloudy,Clearing in the afternoon.,partly-cloudy-day,93546099999
"Nelson, NSN, NZ",24/03/2024,19.7,11.6,15.7,19.7,11.6,15.7,13.2,85.3,0,0,0,,0,0,15.1,22.3,356,1013.6,73.2,18.8,164.7,14.3,7,10,2024-03-24T07:33:46,2024-03-24T19:31:51,0.46,Partially cloudy,Partly cloudy throughout the day.,partly-cloudy-day,93546099999
"Nelson, NSN, NZ",25/03/2024,20.9,11.4,16,20.9,11.4,16,11.4,74.7,0,0,0,,0,0,31.7,20.5,252.8,1008.8,88.9,19.6,88.9,7.6,4,10,2024-03-25T07:34:51,2024-03-25T19:30:10,0.5,Partially cloudy,Partly cloudy throughout the day.,partly-cloudy-day,93546099999
"Nelson, NSN, NZ",26/03/2024,23.9,13.2,17.8,23.9,13.2,17.8,9.7,63.1,0,0,0,rain,0,0,31,37.1,259.5,1009.5,93.6,19.2,164.4,14.3,7,10,2024-03-26T07:35:56,2024-03-26T19:28:29,0.52,Overcast,Cloudy skies throughout the day.,cloudy,93546099999
"Nelson, NSN, NZ",27/03/2024,19.9,9.9,14.3,19.9,9.9,14.3,6.4,60.3,0.1,100,4.17,rain,0,0,39.2,40.7,247.7,1009.6,79,22.1,148.5,12.8,7,10,2024-03-27T07:37:00,2024-03-27T19:26:49,0.56,"Rain, Partially cloudy",Partly cloudy throughout the day with afternoon rain.,rain,"93546099999,remote"
"Nelson, NSN, NZ",28/03/2024,15,9.7,12.5,15,7.4,12.4,5.8,63.5,0.4,100,16.67,rain,0,0,54,22,242.7,1005.6,81.3,22.9,37.8,3.2,1,10,2024-03-28T07:38:05,2024-03-28T19:25:08,0.59,"Rain, Partially cloudy",Partly cloudy throughout the day with rain.,rain,"93546099999,remote"
"Nelson, NSN, NZ",29/03/2024,15.6,6.9,10.5,15.6,4.4,9.6,3.4,63.3,0,0,0,,0,0,26.6,24.8,289.2,1009,26,24.1,217.7,18.8,8,10,2024-03-29T07:39:09,2024-03-29T19:23:28,0.63,Partially cloudy,Partly cloudy throughout the day.,partly-cloudy-day,remote
"Nelson, NSN, NZ",30/03/2024,13.9,7.1,10.7,13.9,5.8,10.1,4,64.3,0,0,0,,0,0,12.6,11.9,119.1,1016.5,26.5,24.1,114.4,9.9,6,10,2024-03-30T07:40:13,2024-03-30T19:21:48,0.66,Partially cloudy,Becoming cloudy in the afternoon.,partly-cloudy-day,remote
"Nelson, NSN, NZ",31/03/2024,14.8,8.4,11.4,14.8,7.4,11.1,7.7,78.3,0,0,0,,0,0,14.8,13.7,54.5,1016.7,54.4,24.1,206,17.8,7,10,2024-03-31T07:41:18,2024-03-31T19:20:08,0.7,Partially cloudy,Partly cloudy throughout the day.,partly-cloudy-day,remote
"Nelson, NSN, NZ",1/04/2024,14.2,11.1,12.7,14.2,11.1,12.7,9.3,80,0.3,100,12.5,rain,0,0,14,13,46,1018.4,73.1,24.1,123.7,10.6,6,10,2024-04-01T07:42:22,2024-04-01T19:18:29,0.73,"Rain, Partially cloudy",Partly cloudy throughout the day with rain clearing later.,rain,remote
"Nelson, NSN, NZ",2/04/2024,17.2,10.4,13.9,17.2,10.4,13.9,10.9,82.4,0.2,100,4.17,rain,0,0,6.5,16.6,336.2,1021.9,85.2,22.2,81.3,7,3,10,2024-04-02T07:43:26,2024-04-02T19:16:50,0.75,"Rain, Partially cloudy",Partly cloudy throughout the day with morning rain.,rain,"93546099999,remote"
"Nelson, NSN, NZ",3/04/2024,19.4,10.6,14.7,19.4,10.6,14.7,11.8,83,1,100,4.17,rain,0,0,19.4,27.7,29.9,1021.1,60.8,21,177.6,15.3,7,10,2024-04-03T07:44:30,2024-04-03T19:15:11,0.8,"Rain, Partially cloudy",Partly cloudy throughout the day with afternoon rain.,rain,"93546099999,remote"
"Nelson, NSN, NZ",4/04/2024,18.9,11.4,15.1,18.9,11.4,15.1,13.5,90.1,0.6,100,8.33,rain,0,0,15.8,25.9,32.7,1017,52.1,17.9,88.8,7.6,4,10,2024-04-04T07:45:34,2024-04-04T19:13:32,0.83,"Rain, Partially cloudy",Partly cloudy throughout the day with rain.,rain,93546099999
"Nelson, NSN, NZ",5/04/2024,18.7,13.4,15.6,18.7,13.4,15.6,11.1,75.4,0.2,100,4.17,rain,0,0,15.1,18.4,291.7,1022.6,66.2,20,105.6,9,5,10,2024-04-05T07:46:38,2024-04-05T19:11:54,0.87,"Rain, Partially cloudy",Partly cloudy throughout the day with early morning rain.,rain,93546099999
"Nelson, NSN, NZ",6/04/2024,17.9,12.7,15.4,17.9,12.7,15.4,11.2,76.7,0,0,0,rain,0,0,13.3,20.5,13.7,1027.2,54.2,19.6,158.1,13.7,7,10,2024-04-06T07:47:41,2024-04-06T19:10:17,0.9,Partially cloudy,Partly cloudy throughout the day.,partly-cloudy-day,93546099999
"Nelson, NSN, NZ",7/04/2024,19.1,10.7,14.9,19.1,10.7,14.9,10.8,77.2,0,0,0,,0,0,8.6,20.5,1.5,1028.5,3.4,20,185.4,16.7,7,10,2024-04-07T06:48:45,2024-04-07T18:08:39,0.94,Clear,Clear conditions throughout the day.,clear-day,93546099999
"Nelson, NSN, NZ",8/04/2024,17.4,8.1,13.8,17.4,7.4,13.8,11,83.6,0,0,0,,0,0,15.1,18.4,24.7,1027.1,7.1,19.6,193.5,16.8,7,10,2024-04-08T06:49:49,2024-04-08T18:07:03,0.97,Clear,Clear conditions throughout the day.,clear-day,93546099999
"Nelson, NSN, NZ",9/04/2024,18.4,13.4,16.3,18.4,13.4,16.3,14.2,87.8,0,0,0,,0,0,41.8,38.9,13.6,1023.3,49.7,14.6,175.7,15.1,7,10,2024-04-09T06:50:53,2024-04-09T18:05:27,0,Partially cloudy,Partly cloudy throughout the day.,partly-cloudy-day,93546099999
"Nelson, NSN, NZ",10/04/2024,19.2,16.9,18.3,19.2,16.9,18.3,16.3,88.7,1.2,100,8.33,rain,0,0,33.5,31.7,42.2,1021.1,97.5,11.5,76.4,6.5,3,10,2024-04-10T06:51:56,2024-04-10T18:03:51,0.04,"Rain, Overcast",Cloudy skies throughout the day with rain in the morning and afternoon.,rain,93546099999
"Nelson, NSN, NZ",11/04/2024,19.1,17.4,18.3,19.1,17.4,18.3,16.2,87.5,17,100,4.17,rain,0,0,84.6,51.8,48.1,1010.2,99.8,9.8,13.5,1.1,1,10,2024-04-11T06:53:00,2024-04-11T18:02:16,0.07,"Rain, Overcast",Cloudy skies throughout the day with late afternoon rain.,rain,93546099999
"Nelson, NSN, NZ",12/04/2024,19.6,15.2,17.2,19.6,15.2,17.2,16.3,94.1,36,100,16.67,rain,0,0,60.8,38.9,50.5,1003.1,84.4,6.9,93.3,8.2,5,10,2024-04-12T06:54:04,2024-04-12T18:00:42,0.11,"Rain, Partially cloudy",Partly cloudy throughout the day with a chance of rain throughout the day.,rain,93546099999
"Nelson, NSN, NZ",13/04/2024,19.1,13.4,15.3,19.1,13.4,15.3,12.4,82.8,9.2,100,16.67,rain,0,0,32,22.3,95.9,1005.3,73.5,16.8,33.3,2.9,2,10,2024-04-13T06:55:07,2024-04-13T17:59:08,0.14,"Rain, Partially cloudy",Partly cloudy throughout the day with a chance of rain throughout the day.,rain,93546099999
"Nelson, NSN, NZ",14/04/2024,16.4,13.2,14.5,16.4,13.2,14.5,13,90.6,4.2,100,8.33,rain,0,0,14.4,18.4,31.9,1018.3,89.8,14.2,49.3,4.2,3,10,2024-04-14T06:56:11,2024-04-14T17:57:35,0.17,"Rain, Partially cloudy",Partly cloudy throughout the day with rain in the morning and afternoon.,rain,93546099999
"Nelson, NSN, NZ",15/04/2024,17.4,11.4,14,17.4,11.4,14,11.8,87.3,3.8,100,8.33,rain,0,0,28.8,14.8,3.3,1019,41.4,12,149.9,12.9,6,10,2024-04-15T06:57:14,2024-04-15T17:56:03,0.2,"Rain, Partially cloudy",Partly cloudy throughout the day with rain clearing later.,rain,93546099999
"Nelson, NSN, NZ",16/04/2024,19.9,9.7,15,19.9,9.2,15,7.9,63.8,0,0,0,,0,0,31.3,37.1,229.6,1015.9,0.3,20,171.9,14.8,6,10,2024-04-16T06:58:18,2024-04-16T17:54:31,0.25,Clear,Clear conditions throughout the day.,clear-day,93546099999
"Nelson, NSN, NZ",17/04/2024,20.9,11.2,15.3,20.9,11.2,15.3,9.1,68.5,0,0,0,rain,0,0,30.6,31.7,242.5,1015.4,51.4,20,143.5,12.4,6,10,2024-04-17T06:59:22,2024-04-17T17:53:00,0.27,Partially cloudy,Partly cloudy throughout the day.,partly-cloudy-day,93546099999
"Nelson, NSN, NZ",18/04/2024,19.9,11.1,14.6,19.9,11.1,14.6,5.6,55.8,0,0,0,,0,0,37.4,38.9,235,1014.1,0.1,20,172,14.8,6,10,2024-04-18T07:00:25,2024-04-18T17:51:30,0.3,Clear,Clear conditions throughout the day.,clear-day,93546099999
"Nelson, NSN, NZ",19/04/2024,18.2,8.4,13.5,18.2,6.8,13.4,5.3,58.6,0,0,0,,0,0,37.4,31.7,228.7,1013.2,56.5,20,124.8,10.7,5,10,2024-04-19T07:01:29,2024-04-19T17:50:01,0.34,Partially cloudy,Partly cloudy throughout the day.,partly-cloudy-day,93546099999
"Nelson, NSN, NZ",20/04/2024,17.9,8.9,12.6,17.9,8.6,12.5,7.7,73.5,0,0,0,,0,0,9,9.4,231,1014.1,92,18.3,109.5,9.2,5,10,2024-04-20T07:02:32,2024-04-20T17:48:32,0.37,Overcast,Cloudy skies throughout the day.,cloudy,93546099999
"Nelson, NSN, NZ",21/04/2024,18.7,6.2,12.1,18.7,6.2,12,8.4,80,0,0,0,,0,0,14.4,14.8,13.9,1010.1,10,20,161.1,13.7,6,10,2024-04-21T07:03:36,2024-04-21T17:47:05,0.4,Clear,Clear conditions throughout the day.,clear-day,93546099999
"Nelson, NSN, NZ",22/04/2024,21.7,8.7,14.7,21.7,8.7,14.7,8.6,69.3,0.2,100,4.17,rain,0,0,26.6,31.7,213.9,1011.7,42,19.6,155.6,13.4,6,10,2024-04-22T07:04:39,2024-04-22T17:45:38,0.43,"Rain, Partially cloudy",Partly cloudy throughout the day with afternoon rain.,rain,93546099999
"Nelson, NSN, NZ",23/04/2024,16.6,8.7,12.5,16.6,7.5,12.3,9.5,82.7,0,0,0,,0,0,13.3,18.4,317,1020.4,35.8,19.3,150.3,12.9,6,10,2024-04-23T07:05:42,2024-04-23T17:44:13,0.47,Partially cloudy,Partly cloudy throughout the day.,partly-cloudy-day,"93546099999,7JLP"
"Nelson, NSN, NZ",24/04/2024,19.7,8.9,13.6,19.7,8.3,13.6,8,70.2,0,0,0,,0,0,42.5,29.5,231.6,1016.7,34.5,18.9,157.1,13.6,6,10,2024-04-24T07:06:46,2024-04-24T17:42:48,0.5,Partially cloudy,Clearing in the afternoon.,partly-cloudy-day,"93546099999,7JLP"
"Nelson, NSN, NZ",25/04/2024,16.6,6.9,13,16.6,5,12.7,10.2,83.8,0.2,100,4.17,rain,0,0,25.9,44.6,354.9,1008.1,73.8,15.4,112.2,9.9,5,10,2024-04-25T07:07:49,2024-04-25T17:41:24,0.54,"Rain, Partially cloudy",Partly cloudy throughout the day with afternoon rain.,rain,93546099999
"Nelson, NSN, NZ",26/04/2024,16.2,8.7,12.7,16.2,6.8,12.5,6.4,67.4,0,0,0,rain,0,0,52.2,37.1,221.9,1003.1,21.5,18.3,134.6,11.7,6,10,2024-04-26T07:08:52,2024-04-26T17:40:02,0.57,Partially cloudy,Clearing in the afternoon.,partly-cloudy-day,93546099999
"Nelson, NSN, NZ",27/04/2024,17.4,5.2,10.6,17.4,3.4,9.9,3.6,63.4,0,0,0,,0,0,27.7,31.7,229.7,1016.8,3.1,19.2,149.5,12.9,6,10,2024-04-27T07:09:55,2024-04-27T17:38:40,0.61,Clear,Clear conditions throughout the day.,clear-day,93546099999
"Nelson, NSN, NZ",28/04/2024,16.2,4.7,10.3,16.2,4.7,10,7.1,81.6,0,0,0,,0,0,10.4,13,304.5,1027.6,4,19.2,146.3,12.6,6,10,2024-04-28T07:10:58,2024-04-28T17:37:20,0.64,Clear,Clear conditions throughout the day.,clear-day,93546099999
"Nelson, NSN, NZ",29/04/2024,16.4,7.4,12,16.4,6.2,11.7,9.2,83.6,0,0,0,,0,0,14.8,20.5,304.3,1029.9,14.4,18.9,143.2,12.4,6,10,2024-04-29T07:12:01,2024-04-29T17:36:01,0.68,Clear,Clear conditions throughout the day.,clear-day,"93546099999,7JLP"
"Nelson, NSN, NZ",30/04/2024,16.7,8.2,11.8,16.7,7.5,11.5,9.8,87.9,0.2,100,4.17,rain,0,0,32,18.4,280.1,1021.5,3.9,17.7,142,12.4,6,10,2024-04-30T07:13:04,2024-04-30T17:34:43,0.71,Rain,Clear conditions throughout the day with late afternoon rain.,rain,93546099999
"Nelson, NSN, NZ",1/05/2024,30,8.6,11.7,39.3,8.6,12.1,9.5,87,7.9,100,41.67,rain,0,0,22.7,11.2,178.5,1009.7,80,19.6,45.5,4,2,10,2024-05-01T07:14:06,2024-05-01T17:33:26,0.75,"Rain, Partially cloudy",Partly cloudy throughout the day with rain.,rain,"93546099999,remote,7JLP"
"Nelson, NSN, NZ",2/05/2024,15.6,8.4,11.3,15.6,8.1,11.2,7.9,80.3,7.8,100,8.33,rain,0,0,22.3,17.3,245.3,1008.3,51.3,20.3,95.7,8.2,5,10,2024-05-02T07:15:09,2024-05-02T17:32:10,0.78,"Rain, Partially cloudy",Partly cloudy throughout the day with rain.,rain,"93546099999,remote,7JLP"
"Nelson, NSN, NZ",3/05/2024,16.9,5.4,10.6,16.9,5.2,10.3,6.3,76.6,0,0,0,,0,0,21.2,11.2,71.9,1015.8,6.8,19.7,137.5,11.9,5,10,2024-05-03T07:16:11,2024-05-03T17:30:56,0.82,Clear,Clear conditions throughout the day.,clear-day,"93546099999,7JLP"
"Nelson, NSN, NZ",4/05/2024,15.4,5.7,10.3,15.4,4.7,9.8,7.8,85.6,0.2,100,4.17,rain,0,0,10.1,16.6,301.4,1021.9,3.5,18.5,135.7,11.7,5,10,2024-05-04T07:17:13,2024-05-04T17:29:43,0.85,Rain,Clear conditions throughout the day with afternoon rain.,rain,"93546099999,7JLP"
"Nelson, NSN, NZ",5/05/2024,15.7,7.9,11.5,15.7,6.8,11,9.1,85.7,0,0,0,,0,0,11.9,18.4,233.1,1022.2,7.1,18.3,132.8,11.6,5,10,2024-05-05T07:18:15,2024-05-05T17:28:31,0.89,Clear,Clear conditions throughout the day.,clear-day,93546099999
"Nelson, NSN, NZ",6/05/2024,17.9,5.2,11.7,17.9,4.9,11.5,5.8,71.1,0.2,100,4.17,rain,0,0,22.7,24.1,205.9,1018.2,33.3,19.6,131.7,11.5,5,10,2024-05-06T07:19:17,2024-05-06T17:27:21,0.92,"Rain, Partially cloudy",Becoming cloudy in the afternoon with morning rain.,rain,93546099999
"Nelson, NSN, NZ",7/05/2024,13.6,4.4,9.1,13.6,3.5,8.6,3.3,68.7,0,0,0,,0,0,11.9,11.2,240.9,1025.5,7.4,19.2,132.5,11.5,5,10,2024-05-07T07:20:18,2024-05-07T17:26:12,0.96,Clear,Clear conditions throughout the day.,clear-day,93546099999
"Nelson, NSN, NZ",8/05/2024,13.4,2.9,8.1,13.4,2.4,7.3,4.5,79.5,0,0,0,,0,0,10.8,18.4,199.5,1022.6,11.3,17.3,129.2,11.3,5,10,2024-05-08T07:21:19,2024-05-08T17:25:04,0,Clear,Clear conditions throughout the day.,clear-day,"93546099999,remote"
"Nelson, NSN, NZ",9/05/2024,14.2,4.2,8.8,14.2,2.1,8,0.5,59,0,0,0,,0,0,13.7,14.8,199,1026.4,12.2,18.4,132,11.5,5,10,2024-05-09T07:22:20,2024-05-09T17:23:58,0.03,Clear,Clear conditions throughout the day.,clear-day,"93546099999,remote"
"Nelson, NSN, NZ",10/05/2024,12.9,0.1,5.9,12.9,-0.2,5.3,0.7,72.3,0.2,100,4.17,rain,0,0,8.6,9.4,221.9,1024.1,0.2,15.4,130.1,11.2,5,10,2024-05-10T07:23:21,2024-05-10T17:22:53,0.06,Rain,Clear conditions throughout the day with afternoon rain.,rain,93546099999
"Nelson, NSN, NZ",11/05/2024,13.1,0.7,6.9,13.1,0.1,5.9,3.2,78.3,0,0,0,,0,0,9,14.8,249.4,1024.4,8.6,17.1,126.9,10.9,5,10,2024-05-11T07:24:21,2024-05-11T17:21:50,0.09,Clear,Clear conditions throughout the day.,clear-day,93546099999
"Nelson, NSN, NZ",12/05/2024,14.2,2.2,7.5,14.2,2.1,6.9,4.9,84.4,0.2,100,4.17,rain,0,0,10.1,13,278.5,1023,26.5,14.2,123.8,10.6,5,10,2024-05-12T07:25:21,2024-05-12T17:20:49,0.13,"Rain, Partially cloudy",Partly cloudy throughout the day with afternoon rain.,rain,93546099999
"Nelson, NSN, NZ",13/05/2024,13.9,3.9,8.5,13.9,2.5,8.1,5.2,80.8,0.2,100,4.17,rain,0,0,9.7,9.4,220,1024.9,32,16,106.1,9.1,5,10,2024-05-13T07:26:20,2024-05-13T17:19:49,0.16,"Rain, Partially cloudy",Partly cloudy throughout the day with late afternoon rain.,rain,93546099999
"Nelson, NSN, NZ",14/05/2024,13.9,4.7,9.3,13.9,4,9,6.4,82.3,0,0,0,,0,0,16.9,13,283.7,1024.7,67,17.9,92.4,8,4,10,2024-05-14T07:27:19,2024-05-14T17:18:50,0.19,Partially cloudy,Partly cloudy throughout the day.,partly-cloudy-day,93546099999
"Nelson, NSN, NZ",15/05/2024,14.7,9.4,11.6,14.7,8,11.4,10.4,92.3,2,100,4.17,rain,0,0,11.9,11.2,246.5,1013.7,99.8,11.5,9.4,0.8,1,10,2024-05-15T07:28:17,2024-05-15T17:17:53,0.25,"Rain, Overcast",Cloudy skies throughout the day with morning rain.,rain,93546099999
"Nelson, NSN, NZ",16/05/2024,17.4,9.2,12.8,17.4,8.9,12.7,9.2,81.3,7,100,8.33,rain,0,0,47.5,40.7,239.8,1012.9,42.1,12.3,106.3,9.2,5,10,2024-05-16T07:29:15,2024-05-16T17:16:58,0.25,"Rain, Partially cloudy",Partly cloudy throughout the day with rain clearing later.,rain,93546099999
"Nelson, NSN, NZ",17/05/2024,15.4,7.2,10.8,15.4,5.8,10.3,5.6,72,0,0,0,,0,0,19.1,20.5,233,1021.1,36.5,19.2,100.3,8.8,5,10,2024-05-17T07:30:13,2024-05-17T17:16:05,0.29,Partially cloudy,Partly cloudy throughout the day.,partly-cloudy-day,93546099999
"Nelson, NSN, NZ",18/05/2024,14.6,3.7,9,14.6,3,8.7,5.3,78.4,0,0,0,,0,0,20.5,13,50.3,1017.7,42,17.1,109.7,9.4,5,10,2024-05-18T07:31:09,2024-05-18T17:15:13,0.32,Partially cloudy,Partly cloudy throughout the day.,partly-cloudy-day,93546099999
"Nelson, NSN, NZ",19/05/2024,15.2,7.7,10.6,15.2,5.6,10.3,8.1,84.6,0,0,0,,0,0,9.4,14.8,239,1019.2,79,16.7,90.2,7.7,4,10,2024-05-19T07:32:06,2024-05-19T17:14:23,0.35,Partially cloudy,Partly cloudy throughout the day.,partly-cloudy-day,93546099999
"Nelson, NSN, NZ",20/05/2024,14.7,5.9,10,14.7,4.1,9.6,7.2,83.5,0,0,0,,0,0,14.4,20.5,230.2,1016.3,90.5,16.8,94.8,8.3,4,10,2024-05-20T07:33:01,2024-05-20T17:13:34,0.38,Overcast,Cloudy skies throughout the day.,cloudy,93546099999
"Nelson, NSN, NZ",21/05/2024,15.7,10.1,13.3,15.7,10.1,13.3,7.5,68.5,0,0,0,rain,0,0,29.5,18.4,214.4,1007.9,100,19.6,15.7,1.4,1,10,2024-05-21T07:33:56,2024-05-21T17:12:48,0.42,Overcast,Cloudy skies throughout the day.,cloudy,93546099999
"Nelson, NSN, NZ",22/05/2024,16.9,9.7,12.8,16.9,9.2,12.8,6,64.3,0,0,0,,0,0,15.8,14.8,182.4,1011.1,78.7,18.3,100.4,8.8,4,10,2024-05-22T07:34:50,2024-05-22T17:12:03,0.45,Partially cloudy,Partly cloudy throughout the day.,partly-cloudy-day,93546099999
"Nelson, NSN, NZ",23/05/2024,14.2,6.7,9.9,14.2,5.8,9.6,6.6,80.5,0,0,0,,0,0,7.9,13,280.7,1012.2,91.2,19.2,74.5,6.5,3,10,2024-05-23T07:35:44,2024-05-23T17:11:20,0.48,Overcast,Cloudy skies throughout the day.,cloudy,93546099999
"Nelson, NSN, NZ",24/05/2024,12.9,4.6,9,12.9,3.4,8.6,6.4,84.3,0.2,100,4.17,rain,0,0,10.4,14.8,276.9,1009.1,68.2,17.9,78.9,6.9,4,10,2024-05-24T07:36:36,2024-05-24T17:10:39,0.5,"Rain, Partially cloudy",Partly cloudy throughout the day with afternoon rain.,rain,93546099999
"Nelson, NSN, NZ",25/05/2024,14.2,8.4,11.2,14.2,8.4,11.1,7.1,77.2,0.2,100,4.17,rain,0,0,68,31.7,239.4,1006.4,72.5,18.8,61.6,5.4,3,10,2024-05-25T07:37:28,2024-05-25T17:09:59,0.55,"Rain, Partially cloudy",Partly cloudy throughout the day with morning rain.,rain,93546099999
"Nelson, NSN, NZ",26/05/2024,14.4,6.7,12.2,14.4,5.2,12,3.7,56.8,0,0,0,,0,0,69.1,42.5,227.3,1003.6,29.8,19.2,97.6,8.5,4,10,2024-05-26T07:38:19,2024-05-26T17:09:22,0.59,Partially cloudy,Partly cloudy throughout the day.,partly-cloudy-day,93546099999
"Nelson, NSN, NZ",27/05/2024,15.1,4.9,9.4,15.1,3.4,8.8,4.1,71.2,0,0,0,,0,0,34.2,31.7,224.5,1007.4,28.3,19.3,103.5,9,4,10,2024-05-27T07:39:09,2024-05-27T17:08:46,0.62,Partially cloudy,Clearing in the afternoon.,partly-cloudy-day,"93546099999,remote"
"Nelson, NSN, NZ",28/05/2024,12.6,3.9,8.5,12.6,3.9,7.8,4.1,74.3,0,0,0,rain,0,0,34.2,16.6,193,1006.5,67.9,16.2,68.8,5.9,3,10,2024-05-28T07:39:58,2024-05-28T17:08:13,0.66,Partially cloudy,Partly cloudy throughout the day.,partly-cloudy-day,93546099999
"Nelson, NSN, NZ",29/05/2024,14.1,3.4,8.4,14.1,2,7.5,2.9,70.3,0.2,100,4.17,rain,0,0,61.2,38.9,229,1004.3,57.6,19.2,51.8,4.5,2,10,2024-05-29T07:40:46,2024-05-29T17:07:41,0.69,"Rain, Partially cloudy",Partly cloudy throughout the day with afternoon rain.,rain,93546099999
"Nelson, NSN, NZ",30/05/2024,14.7,3.6,10,14.7,1.5,9.5,2.9,61.7,0,0,0,,0,0,30.6,37.1,231,1016.5,12.9,19.2,101.2,8.7,4,10,2024-05-30T07:41:33,2024-05-30T17:07:11,0.73,Clear,Clear conditions throughout the day.,clear-day,93546099999
"Nelson, NSN, NZ",31/05/2024,18.4,12.2,14.8,18.4,12.2,14.8,7,60.1,0,0,0,,0,0,51.8,51.8,233.2,1022.7,46.4,19.6,94.3,8.2,4,10,2024-05-31T07:42:19,2024-05-31T17:06:43,0.75,Partially cloudy,Partly cloudy throughout the day.,wind,93546099999
"Nelson, NSN, NZ",1/06/2024,18.2,8.6,13.4,18.2,7.4,13.2,8.9,75,0,0,0,rain,0,0,32,38.9,277.8,1020.7,84.5,16.7,75.8,6.6,4,10,2024-06-01T07:43:03,2024-06-01T17:06:17,0.8,Partially cloudy,Partly cloudy throughout the day.,partly-cloudy-day,93546099999
"Nelson, NSN, NZ",2/06/2024,15.9,8.1,12.3,15.9,7.5,12.2,7.5,73.6,0,0,0,,0,0,32,25.9,231.1,1024.4,85.7,15.3,84.4,7.3,3,10,2024-06-02T07:43:47,2024-06-02T17:05:53,0.84,Partially cloudy,Partly cloudy throughout the day.,partly-cloudy-day,93546099999
"Nelson, NSN, NZ",3/06/2024,15.4,5.4,10,15.4,5.3,9.8,4.9,74.1,0,0,0,,0,0.1,40.7,13,218,1022.7,71.2,14,74.3,6.4,3,10,2024-06-03T07:44:29,2024-06-03T17:05:31,0.87,Partially cloudy,Partly cloudy throughout the day.,partly-cloudy-day,93546099999
"Nelson, NSN, NZ",4/06/2024,14.2,3.2,7.7,14.2,1.1,7.2,4.8,83.1,0.2,100,4.17,rain,0,0.1,7.9,9.4,223.1,1026.3,80.9,13.1,82.7,7.1,3,10,2024-06-04T07:45:10,2024-06-04T17:05:11,0.91,"Rain, Partially cloudy",Partly cloudy throughout the day with late afternoon rain.,rain,"93546099999,remote"
"Nelson, NSN, NZ",5/06/2024,15.4,1.7,8,15.4,0.1,7.6,4.4,79.9,0.2,100,4.17,rain,0,0,9.7,11.2,253.9,1025.5,54.5,14.3,96,8.2,4,10,2024-06-05T07:45:50,2024-06-05T17:04:53,0.95,"Rain, Partially cloudy",Partly cloudy throughout the day with afternoon rain.,rain,93546099999
"Nelson, NSN, NZ",6/06/2024,13.9,4.7,9,13.9,3.1,8.6,6.7,85.9,0,0,0,,0,0,8.3,11.2,221.9,1025.2,62.1,15.2,81.3,7.2,4,10,2024-06-06T07:46:28,2024-06-06T17:04:37,0.98,Partially cloudy,Partly cloudy throughout the day.,partly-cloudy-day,93546099999
"Nelson, NSN, NZ",7/06/2024,14.2,6.7,9.7,14.2,5.8,9.5,7.2,84.8,0,0,0,,0,0,9,9.4,245.8,1023.9,4.6,12.5,92.4,8,4,10,2024-06-07T07:47:06,2024-06-07T17:04:23,0,Clear,Clear conditions throughout the day.,clear-day,93546099999
"Nelson, NSN, NZ",8/06/2024,15.6,6.1,9.8,15.6,5.1,9.2,7.5,86.2,0,0,0,,0,0,9.4,9.4,229.8,1025.9,15.7,14.5,93.5,8.2,4,10,2024-06-08T07:47:41,2024-06-08T17:04:10,0.05,Clear,Clear conditions throughout the day.,clear-day,93546099999
"Nelson, NSN, NZ",9/06/2024,14.4,7.2,11.3,14.4,7.2,11.1,10.7,96.2,11.6,100,12.5,rain,0,0,62.6,38.9,33.6,1016.4,97.8,4,3.8,0.2,0,10,2024-06-09T07:48:15,2024-06-09T17:04:00,0.08,"Rain, Overcast",Cloudy skies throughout the day with rain.,rain,93546099999
"Nelson, NSN, NZ",10/06/2024,16.2,11.7,14,16.2,11.7,14,13.2,94.8,14.6,100,8.33,rain,0,0,51.8,35.3,21.3,1004.2,79.5,5.2,50.3,4.3,3,10,2024-06-10T07:48:48,2024-06-10T17:03:52,0.11,"Rain, Partially cloudy",Partly cloudy throughout the day with rain clearing later.,rain,93546099999
"Nelson, NSN, NZ",11/06/2024,14.7,6.2,10.5,14.7,4.6,9.7,5.6,72.6,0.2,100,4.17,rain,0,0,34.2,18.4,228.1,1010.6,30.1,18.3,80.1,6.9,4,10,2024-06-11T07:49:19,2024-06-11T17:03:46,0.14,"Rain, Partially cloudy",Partly cloudy throughout the day with early morning rain.,rain,93546099999
"Nelson, NSN, NZ",12/06/2024,11.7,1.7,6.3,11.7,0.1,5.5,2.8,79.9,0.2,100,4.17,rain,0,0,11.9,11.2,214,1012.1,50.3,17.9,84.1,7.3,4,10,2024-06-12T07:49:49,2024-06-12T17:03:42,0.18,"Rain, Partially cloudy",Becoming cloudy in the afternoon with afternoon rain.,rain,93546099999
"Nelson, NSN, NZ",13/06/2024,11.2,3.4,8.1,11.2,2.4,7.2,5.6,84.6,0,0,0,rain,0,0,10.4,14.8,233.7,1009,78.8,16.1,62.1,5.3,3,10,2024-06-13T07:50:17,2024-06-13T17:03:39,0.21,Partially cloudy,Partly cloudy throughout the day.,partly-cloudy-day,93546099999
"Nelson, NSN, NZ",14/06/2024,11.9,8.7,10.6,11.9,7.5,10.4,10.3,97.9,19,100,16.67,rain,0,0,11.2,9.4,218.1,998.1,100,4.9,4.8,0.6,0,10,2024-06-14T07:50:43,2024-06-14T17:03:39,0.25,"Rain, Overcast",Cloudy skies throughout the day with a chance of rain throughout the day.,rain,93546099999
"Nelson, NSN, NZ",15/06/2024,14.1,5.9,11,14.1,5.9,10.9,8.3,84,18,100,8.33,rain,0,0,29.9,29.5,357.9,997.6,44.1,17.9,77.7,6.6,4,10,2024-06-15T07:51:08,2024-06-15T17:03:40,0.27,"Rain, Partially cloudy",Clearing in the afternoon with rain clearing later.,rain,"93546099999,remote"
"Nelson, NSN, NZ",16/06/2024,11.4,5.2,8.3,11.4,3.9,7.4,7.4,93.7,14.2,100,12.5,rain,0,0,28.1,13,168.2,1006.1,66.1,12.9,77.7,6.7,4,10,2024-06-16T07:51:31,2024-06-16T17:03:44,0.31,"Rain, Partially cloudy",Partly cloudy throughout the day with rain.,rain,93546099999
"Nelson, NSN, NZ",17/06/2024,14.2,7.4,10.4,14.2,5.9,9.7,8.9,90.6,9,100,12.5,rain,0,0,15.1,18.4,223.9,1005.5,81.5,16.4,45,3.8,3,10,2024-06-17T07:51:52,2024-06-17T17:03:49,0.34,"Rain, Partially cloudy",Partly cloudy throughout the day with a chance of rain throughout the day.,rain,93546099999
"Nelson, NSN, NZ",18/06/2024,17.1,7.7,10.9,17.1,6.2,10.4,6.1,74.2,0.2,100,4.17,rain,0,0.4,36.4,22.3,154.5,1015,85.1,18.8,68.4,6,3,10,2024-06-18T07:52:12,2024-06-18T17:03:57,0.37,"Rain, Partially cloudy",Partly cloudy throughout the day with morning rain.,rain,93546099999
"Nelson, NSN, NZ",19/06/2024,12.6,6.2,10.2,12.6,4.2,9.1,1.7,56.1,0,0,0,,0,0.5,22,25.9,135.2,1021.3,89.4,20,66.3,5.6,3,10,2024-06-19T07:52:29,2024-06-19T17:04:06,0.4,Partially cloudy,Partly cloudy throughout the day.,partly-cloudy-day,93546099999
"Nelson, NSN, NZ",20/06/2024,14.4,5.6,8.6,14.4,2.5,7.5,4.9,78.4,0,0,0,,0,0.6,18.4,14.8,229.9,1022.6,75.2,18.3,75.3,6.4,3,10,2024-06-20T07:52:45,2024-06-20T17:04:17,0.43,Partially cloudy,Partly cloudy throughout the day.,partly-cloudy-day,93546099999
"Nelson, NSN, NZ",21/06/2024,12.4,5.1,8.2,12.4,4,7.7,5.1,81.5,0,0,0,,0,0.8,10.4,11.2,240.3,1024.3,55.2,17.3,88.5,7.6,4,10,2024-06-21T07:52:59,2024-06-21T17:04:29,0.47,Partially cloudy,Partly cloudy throughout the day.,partly-cloudy-day,93546099999
"Nelson, NSN, NZ",22/06/2024,11.7,6.2,9,11.7,4.6,8.5,7.3,89.6,2.4,100,8.33,rain,0,0.5,24.8,22.3,236.6,1020.8,100,13.7,7.3,0.7,0,10,2024-06-22T07:53:12,2024-06-22T17:04:44,0.5,"Rain, Overcast",Cloudy skies throughout the day with rain.,rain,93546099999
"Nelson, NSN, NZ",23/06/2024,12.4,10.1,10.8,12.4,10.1,10.8,9.8,93.8,43,100,16.67,rain,0,0.3,42.1,33.5,103.1,1014.1,91.2,9.3,8.5,0.7,1,10,2024-06-23T07:53:22,2024-06-23T17:05:00,0.53,"Rain, Overcast",Cloudy skies throughout the day with a chance of rain throughout the day.,rain,93546099999
"Nelson, NSN, NZ",24/06/2024,13.7,8.9,10.9,13.7,8.2,10.7,9.8,93.4,3,100,8.33,rain,0,0.3,10.8,9.4,219,1016.4,92.8,14.3,41.5,3.6,2,10,2024-06-24T07:53:30,2024-06-24T17:05:18,0.57,"Rain, Overcast",Cloudy skies throughout the day with rain clearing later.,rain,93546099999
"Nelson, NSN, NZ",25/06/2024,14.2,5.7,9.8,14.2,4.9,9.6,8,88.9,0.2,100,4.17,rain,0,0.2,15.5,14.8,224.2,1015.3,95.9,13.8,55.5,4.8,3,10,2024-06-25T07:53:37,2024-06-25T17:05:38,0.61,"Rain, Overcast",Cloudy skies throughout the day with afternoon rain.,rain,93546099999
"Nelson, NSN, NZ",26/06/2024,13.9,6.6,9.7,13.9,5.7,9.3,7.5,86.9,0,0,0,rain,0,0.3,11.5,9.4,234.4,1020.9,79.8,12.8,67.8,5.9,3,10,2024-06-26T07:53:41,2024-06-26T17:06:00,0.64,Partially cloudy,Partly cloudy throughout the day.,partly-cloudy-day,93546099999
"Nelson, NSN, NZ",27/06/2024,13.7,3.2,7.2,13.7,1.3,6.2,4.3,83.2,0.2,100,4.17,rain,0,0.3,10.8,14.8,217.7,1024.9,3.9,17.1,92.8,8.3,4,10,2024-06-27T07:53:44,2024-06-27T17:06:23,0.68,Rain,Clear conditions throughout the day with morning rain.,rain,93546099999
"Nelson, NSN, NZ",28/06/2024,11.7,1.6,5.8,11.7,0.4,5.1,4.1,89.4,0.2,100,4.17,rain,0,0.7,12.6,13,230.6,1021.2,55.3,12.6,84,7.1,4,10,2024-06-28T07:53:44,2024-06-28T17:06:48,0.71,"Rain, Partially cloudy",Partly cloudy throughout the day with early morning rain.,rain,93546099999
"Nelson, NSN, NZ",29/06/2024,15.1,2.9,7.8,15.1,2.1,7.4,6,89.5,0.2,100,4.17,rain,0,0.4,14.4,16.6,234.1,1019,31.9,12.2,91,7.9,4,10,2024-06-29T07:53:43,2024-06-29T17:07:14,0.75,"Rain, Partially cloudy",Clearing in the afternoon with morning rain.,rain,93546099999
"Nelson, NSN, NZ",30/06/2024,12.1,5.2,7.9,12.1,4.1,7.3,5.8,86.7,0.2,100,4.17,rain,0,0,16.6,13,216.7,1018.3,72.5,16.4,81.3,7.1,4,10,2024-06-30T07:53:40,2024-06-30T17:07:42,0.79,"Rain, Partially cloudy",Partly cloudy throughout the day with morning rain.,rain,93546099999
"Nelson, NSN, NZ",1/07/2024,13.6,6.9,9.9,13.6,6.2,9.3,8.7,92.5,16,100,8.33,rain,0,0,81,38.9,49.5,1003.4,74.7,10.9,5.4,0.4,0,10,2024-07-01T07:53:34,2024-07-01T17:08:11,0.82,"Rain, Partially cloudy",Partly cloudy throughout the day with rain.,rain,93546099999
"Nelson, NSN, NZ",2/07/2024,13.6,5.7,9.2,13.6,4.7,8.4,6.8,85.5,0.8,100,8.33,rain,0,0,11.5,16.6,201,1003.3,83.3,15.8,70,6.1,4,10,2024-07-02T07:53:27,2024-07-02T17:08:42,0.86,"Rain, Partially cloudy",Partly cloudy throughout the day with rain in the morning and afternoon.,rain,93546099999
"Nelson, NSN, NZ",3/07/2024,12.2,2.1,6.2,12.2,0.8,5.5,2.9,80.2,0.2,100,4.17,rain,0,0,11.9,14.8,152.2,1020.5,13.4,16.4,93.6,8.2,4,10,2024-07-03T07:53:17,2024-07-03T17:09:15,0.89,Rain,Clear conditions throughout the day with afternoon rain.,rain,93546099999
"Nelson, NSN, NZ",4/07/2024,11.4,0.4,4.9,11.4,-0.8,4.5,1.9,82.4,0.2,100,4.17,rain,0,0,9.4,5.4,217.3,1027.2,0.3,11.9,95.3,8.3,4,10,2024-07-04T07:53:06,2024-07-04T17:09:48,0.93,Rain,Clear conditions throughout the day with afternoon rain.,rain,93546099999
"Nelson, NSN, NZ",5/07/2024,12.4,0.2,6.2,12.4,-1.6,4.8,1.6,74.8,0,0,0,,0,0,38.9,27.7,227.5,1022.3,5.2,16.7,96.8,8.3,4,10,2024-07-05T07:52:52,2024-07-05T17:10:23,0.97,Clear,Clear conditions throughout the day.,clear-day,93546099999
"Nelson, NSN, NZ",6/07/2024,12.9,5.2,9.2,12.9,4.9,7.9,2.9,65.3,0,0,0,rain,0,0,39.2,27.7,190.9,1016.9,53.2,18.5,94,8.2,4,10,2024-07-06T07:52:37,2024-07-06T17:11:00,0,Partially cloudy,Partly cloudy throughout the day.,partly-cloudy-day,93546099999
"Nelson, NSN, NZ",7/07/2024,14.4,1.2,8.2,14.4,-0.4,7.7,3.4,74.4,0.2,100,4.17,rain,0,0,37.1,40.7,219.5,1017.2,9.2,15.3,96.3,8.3,4,10,2024-07-07T07:52:19,2024-07-07T17:11:38,0.03,Rain,Clear conditions throughout the day with afternoon rain.,rain,93546099999
"Nelson, NSN, NZ",8/07/2024,12.9,3.2,7.7,12.9,1.6,7.2,5.7,87.7,0,0,0,,0,0,6.8,9.4,249.6,1027.9,73.9,14.3,41.5,3.6,2,10,2024-07-08T07:52:00,2024-07-08T17:12:17,0.07,Partially cloudy,Partly cloudy throughout the day.,partly-cloudy-day,93546099999
"Nelson, NSN, NZ",9/07/2024,12.6,6.6,9.2,12.6,4.7,8.8,7.5,89.1,0.8,100,4.17,rain,0,0,9.4,14.8,323.2,1037.6,40.7,12.9,90.7,7.8,4,10,2024-07-09T07:51:38,2024-07-09T17:12:57,0.1,"Rain, Partially cloudy",Clearing in the afternoon with early morning rain.,rain,93546099999
"Nelson, NSN, NZ",10/07/2024,13.4,3.1,7,13.4,1.2,6.1,4,82.9,0.2,100,4.17,rain,0,0,8.3,13,200.2,1039.4,28.1,16.4,98,8.4,4,10,2024-07-10T07:51:15,2024-07-10T17:13:38,0.13,"Rain, Partially cloudy",Becoming cloudy in the afternoon with afternoon rain.,rain,93546099999
"Nelson, NSN, NZ",11/07/2024,12.7,1.9,6,12.7,0.7,5.4,3.5,85.1,0,0,0,,0,0,9,9.4,220.6,1039,11.4,11.5,101.8,9,4,10,2024-07-11T07:50:49,2024-07-11T17:14:21,0.16,Clear,Clear conditions throughout the day.,clear-day,93546099999
"Nelson, NSN, NZ",12/07/2024,11.4,0.4,5.1,11.4,0,4.5,2.8,86.5,0.2,100,4.17,"rain,snow",0,0,9.7,9.4,242.3,1034.3,0.5,12.3,102.8,9,4,10,2024-07-12T07:50:22,2024-07-12T17:15:04,0.2,"Snow, Rain",Clear conditions throughout the day with morning rain or snow.,rain,93546099999
"Nelson, NSN, NZ",13/07/2024,12.6,1.7,6.1,12.6,-1.7,4.6,2.2,77.5,0.2,100,4.17,rain,0,0,16.2,16.6,201.4,1032.3,11.9,18.6,101,8.7,4,10,2024-07-13T07:49:52,2024-07-13T17:15:49,0.23,Rain,Clear conditions throughout the day with morning rain.,rain,"93546099999,remote"
"Nelson, NSN, NZ",14/07/2024,14.7,3.7,8.6,14.7,2.9,7.8,4.4,76.7,0,0,0,rain,0,0,14,16.6,202.3,1027.3,41.4,20.4,79.7,7,4,10,2024-07-14T07:49:21,2024-07-14T17:16:34,0.25,Partially cloudy,Clearing in the afternoon.,partly-cloudy-day,"93546099999,remote"
"Nelson, NSN, NZ",15/07/2024,11.7,5.4,8.2,11.7,3.8,6.9,5.7,84.4,0.4,100,4.17,rain,0,0,14.8,14.8,228.4,1016,97.2,17.6,44,3.9,3,10,2024-07-15T07:48:47,2024-07-15T17:17:21,0.29,"Rain, Overcast",Cloudy skies throughout the day with late afternoon rain.,rain,"93546099999,remote"
"Nelson, NSN, NZ",16/07/2024,13.7,8.2,10.2,13.7,5.7,9.8,9.5,95.1,12,100,8.33,rain,0,0,11.9,16.6,272.5,1007.4,52.7,8.9,81.5,7,4,10,2024-07-16T07:48:12,2024-07-16T17:18:08,0.32,"Rain, Partially cloudy",Clearing in the afternoon with rain clearing later.,rain,93546099999
"Nelson, NSN, NZ",17/07/2024,11.6,9.1,10.1,11.6,7.9,9.8,9,93,0,0,0,rain,0,0,8.6,11.2,228.6,1006.1,96.5,11.8,46.5,4.1,2,10,2024-07-17T07:47:34,2024-07-17T17:18:56,0.36,Overcast,Cloudy skies throughout the day.,cloudy,93546099999
"Nelson, NSN, NZ",18/07/2024,15.4,7.6,10.4,15.4,6.6,10.1,8.4,88.4,0.4,100,8.33,rain,0,0,6.1,13,240.8,1011.2,84.6,14.9,31.3,2.8,1,10,2024-07-18T07:46:55,2024-07-18T17:19:46,0.39,"Rain, Partially cloudy",Partly cloudy throughout the day with rain clearing later.,rain,93546099999
"Nelson, NSN, NZ",19/07/2024,12.4,5.4,9.5,12.4,5.3,9.3,8.5,93.9,1,100,8.33,rain,0,0,5.8,7.6,226,1011.2,98.1,12.3,16.2,1.3,1,10,2024-07-19T07:46:14,2024-07-19T17:20:36,0.42,"Rain, Overcast",Cloudy skies throughout the day with rain.,rain,93546099999
"Nelson, NSN, NZ",20/07/2024,11.9,6.4,10.2,11.9,5.5,10.2,9.6,96.1,5.8,100,8.33,rain,0,0,22.3,11.2,186.1,1001.2,63.5,9,43.5,3.9,2,10,2024-07-20T07:45:31,2024-07-20T17:21:26,0.45,"Rain, Partially cloudy",Partly cloudy throughout the day with rain clearing later.,rain,"93546099999,remote"
"Nelson, NSN, NZ",21/07/2024,12.2,3.4,8,12.2,3.4,7.6,6.2,89,0.4,100,8.33,rain,0,0,25.6,9.4,241.8,999.2,64.9,15.2,101.5,8.8,4,10,2024-07-21T07:44:46,2024-07-21T17:22:18,0.5,"Rain, Partially cloudy",Partly cloudy throughout the day with rain.,rain,93546099999
"Nelson, NSN, NZ",22/07/2024,13.4,7.4,9.8,13.4,6.6,9.5,7.2,84.5,0,0,0,,0,0,10.8,14.8,357.2,1002.8,57.4,17.1,100.1,8.6,4,10,2024-07-22T07:44:00,2024-07-22T17:23:10,0.52,Partially cloudy,Partly cloudy throughout the day.,partly-cloudy-day,93546099999
"Nelson, NSN, NZ",23/07/2024,12.6,3.2,7.7,12.6,3.2,7.2,5.5,86.8,0.2,100,4.17,rain,0,0,12.6,13,309.4,1009.3,44.9,15.9,103.8,9,5,10,2024-07-23T07:43:11,2024-07-23T17:24:02,0.56,"Rain, Partially cloudy",Partly cloudy throughout the day with morning rain.,rain,93546099999
"Nelson, NSN, NZ",24/07/2024,11.9,1.4,6.5,11.9,0.9,6.2,4.4,87.6,0.2,100,4.17,rain,0,0,10.4,11.2,301.3,1015,19.2,11.5,114.2,9.9,5,10,2024-07-24T07:42:21,2024-07-24T17:24:56,0.59,Rain,Clear conditions throughout the day with morning rain.,rain,"93546099999,remote"
"Nelson, NSN, NZ",25/07/2024,16.9,4.2,9.6,16.9,3.5,9.1,4.7,73.9,0.2,100,4.17,rain,0,0,24.1,24.1,221.9,1019.7,46.4,17.3,106.4,9.3,4,10,2024-07-25T07:41:29,2024-07-25T17:25:50,0.63,"Rain, Partially cloudy",Partly cloudy throughout the day with early morning rain.,rain,93546099999
"Nelson, NSN, NZ",26/07/2024,13.4,3.6,8.6,13.4,2.2,8.2,5.9,83.6,0.2,100,4.17,rain,0,0,22.3,20.5,50.6,1024.1,62.4,14.3,112.5,9.7,5,10,2024-07-26T07:40:36,2024-07-26T17:26:44,0.66,"Rain, Partially cloudy",Partly cloudy throughout the day with afternoon rain.,rain,93546099999
"Nelson, NSN, NZ",27/07/2024,16.9,6.2,10.7,16.9,5.3,10.4,6.7,77.6,0,0,0,,0,0,24.8,22.3,223.1,1022.8,76.2,15.1,112.8,9.6,5,10,2024-07-27T07:39:40,2024-07-27T17:27:39,0.7,Partially cloudy,Partly cloudy throughout the day.,partly-cloudy-day,93546099999
"Nelson, NSN, NZ",28/07/2024,12.7,6.4,9.1,12.7,5,8.6,7.5,89.8,0.6,100,4.17,rain,0,0,9.4,24.1,77.1,1018.7,74.1,12.3,37.1,3.2,2,10,2024-07-28T07:38:43,2024-07-28T17:28:34,0.75,"Rain, Partially cloudy",Partly cloudy throughout the day with late afternoon rain.,rain,93546099999
"Nelson, NSN, NZ",29/07/2024,13.2,8.1,11.7,13.2,7.5,11.6,10.9,95.4,6.4,100,12.5,rain,0,0,69.8,46.4,46,1011.7,100,6,10.6,0.8,1,10,2024-07-29T07:37:45,2024-07-29T17:29:30,0.77,"Rain, Overcast",Cloudy skies throughout the day with rain.,rain,93546099999
"Nelson, NSN, NZ",30/07/2024,12.7,9.2,11.1,12.7,8.7,11,9.1,88.1,11,100,12.5,rain,0,0,28.4,24.1,83.2,1009.2,84.8,14.9,74.5,6.4,4,10,2024-07-30T07:36:44,2024-07-30T17:30:26,0.81,"Rain, Partially cloudy",Partly cloudy throughout the day with rain.,rain,"93546099999,remote"
"Nelson, NSN, NZ",31/07/2024,12.7,8.7,10.5,12.7,6.5,9.9,1,52.2,0.6,100,8.33,rain,0,0,22.3,20.5,163.7,1018.8,100,20,73.6,6.2,3,10,2024-07-31T07:35:42,2024-07-31T17:31:23,0.84,"Rain, Overcast",Cloudy skies throughout the day with rain clearing later.,rain,93546099999
"Nelson, NSN, NZ",1/08/2024,13.4,4.2,8.5,13.4,3,8,1.4,61.9,0,0,0,rain,0,0,13.7,14.8,279.3,1022.5,72.3,17.7,81.5,7,4,10,2024-08-01T07:34:39,2024-08-01T17:32:20,0.88,Partially cloudy,Partly cloudy throughout the day.,partly-cloudy-day,"93546099999,remote"
"Nelson, NSN, NZ",2/08/2024,12.4,0.2,5.4,12.4,-0.4,4.9,1.2,76.4,0,0,0,,0,0.3,11.2,7.6,243.1,1026.1,3.5,15.6,126.7,10.9,5,10,2024-08-02T07:33:34,2024-08-02T17:33:17,0.91,Clear,Clear conditions throughout the day.,clear-day,93546099999
"Nelson, NSN, NZ",3/08/2024,11.4,-0.6,5,11.4,-1.7,4.3,0.8,76.1,0.2,100,4.17,rain,0,0.5,9.7,13,248.3,1027.4,0.9,15.6,132.7,11.5,5,10,2024-08-03T07:32:27,2024-08-03T17:34:14,0.95,Rain,Clear conditions throughout the day with afternoon rain.,rain,"93546099999,remote"
"Nelson, NSN, NZ",4/08/2024,9.9,-1.3,4.1,8.3,-2.3,3,1,81.5,0.2,100,4.17,rain,0,0.2,10.1,13,273.6,1022,41.8,16.3,113.1,9.7,5,10,2024-08-04T07:31:19,2024-08-04T17:35:12,0,"Rain, Partially cloudy",Partly cloudy throughout the day with afternoon rain.,rain,"93546099999,remote"
"Nelson, NSN, NZ",5/08/2024,12.2,-0.6,5.6,12.2,-0.6,5.3,2.9,84,0.2,100,4.17,rain,0,0,19.1,16.6,1.2,1017.8,48,13.8,122.7,10.6,5,10,2024-08-05T07:30:10,2024-08-05T17:36:10,0.02,"Rain, Partially cloudy",Clearing in the afternoon with afternoon rain.,rain,93546099999
"Nelson, NSN, NZ",6/08/2024,12.6,1.2,6.5,12.6,-1.2,5.9,3.9,84.8,0.2,100,4.17,rain,0,0,13.7,16.6,22.3,1020.8,0.5,12.9,133.1,11.5,5,10,2024-08-06T07:28:59,2024-08-06T17:37:08,0.05,Rain,Clear conditions throughout the day with afternoon rain.,rain,93546099999
"Nelson, NSN, NZ",7/08/2024,14,1.1,7.3,14,0.1,6.8,5.2,87.1,0,0,0,,0,0,12.6,21.9,35.8,1024,43.1,14.5,127.9,11,5,10,2024-08-07T07:27:47,2024-08-07T17:38:07,0.08,Partially cloudy,Becoming cloudy in the afternoon.,partly-cloudy-day,"93546099999,7JLP"
"Nelson, NSN, NZ",8/08/2024,13.2,9.7,11.6,13.2,7.1,11.4,10.1,90.2,18,100,12.5,rain,0,0,59.4,38.9,49.6,1018.4,70.5,10,88.4,7.6,4,10,2024-08-08T07:26:33,2024-08-08T17:39:05,0.12,"Rain, Partially cloudy",Partly cloudy throughout the day with a chance of rain throughout the day.,rain,93546099999
"Nelson, NSN, NZ",9/08/2024,13.7,8.2,10.9,13.7,8,10.7,8.1,83.5,0.4,100,4.17,rain,0,0,11.9,13,322,1023.9,54.5,18.2,127.1,11.1,5,10,2024-08-09T07:25:18,2024-08-09T17:40:04,0.15,"Rain, Partially cloudy",Partly cloudy throughout the day with early morning rain.,rain,"93546099999,7JLP"
"Nelson, NSN, NZ",10/08/2024,15.1,3.9,8.5,15.1,3,8.2,6.2,86.4,0,0,0,,0,0,11.2,13,263.2,1026.6,14,15.9,136.6,11.6,5,10,2024-08-10T07:24:02,2024-08-10T17:41:03,0.18,Clear,Clear conditions throughout the day.,clear-day,"93546099999,7JLP"
"Nelson, NSN, NZ",11/08/2024,14.6,3.4,8.7,14.6,3.4,8.7,4.6,77.8,0.2,100,4.17,rain,0,0,35.6,33.5,243.8,1023.1,17.9,14.7,140.5,12.2,5,10,2024-08-11T07:22:44,2024-08-11T17:42:02,0.21,Rain,Clear conditions throughout the day with afternoon rain.,rain,"93546099999,7JLP"
"Nelson, NSN, NZ",12/08/2024,14.9,7.7,11,14.9,7.2,10.8,5.2,67.8,0,0,0,,0,0,56.2,27.7,230.5,1016.1,49,22.6,98.2,8.5,5,10,2024-08-12T07:21:26,2024-08-12T17:43:01,0.25,Partially cloudy,Partly cloudy throughout the day.,partly-cloudy-day,"93546099999,remote"
"Nelson, NSN, NZ",13/08/2024,12.9,4.3,8.1,12.9,1.9,7,3.5,72.9,0.4,100,4.17,rain,0,0,12.6,22.3,171.4,1026,26.7,19.6,146.3,12.6,6,10,2024-08-13T07:20:06,2024-08-13T17:44:00,0.25,"Rain, Partially cloudy",Partly cloudy throughout the day with afternoon rain.,rain,"93546099999,remote"
"Nelson, NSN, NZ",14/08/2024,12.9,3.7,8,12.9,1.5,7.2,5.3,83.5,0.2,100,4.17,rain,0,0,10.1,16.6,248.3,1027.7,13.3,17.5,147.9,12.8,6,10,2024-08-14T07:18:45,2024-08-14T17:44:59,0.31,Rain,Clear conditions throughout the day with afternoon rain.,rain,93546099999
"Nelson, NSN, NZ",15/08/2024,15.4,2.6,9.5,15.4,1.5,9.3,4.8,74.8,0,0,0,,0,0,35.6,31.7,238.7,1022.6,74.1,16.8,89.1,7.6,4,10,2024-08-15T07:17:22,2024-08-15T17:45:59,0.34,Partially cloudy,Partly cloudy throughout the day.,partly-cloudy-day,93546099999
"Nelson, NSN, NZ",16/08/2024,14.6,9.1,11.4,14.6,9.1,11.4,8,79.8,1,100,4.17,rain,0,0,34.2,14.8,235.8,1017,93.2,16.3,34.7,2.8,2,10,2024-08-16T07:15:59,2024-08-16T17:46:58,0.38,"Rain, Overcast",Cloudy skies throughout the day with late afternoon rain.,rain,93546099999
"Nelson, NSN, NZ",17/08/2024,12.9,8.1,10.5,12.9,7.4,10.3,9.9,96,0.4,100,8.33,rain,0,0,30.2,16.6,358.3,1008.8,96.8,6.7,73.3,6.6,4,10,2024-08-17T07:14:35,2024-08-17T17:47:57,0.41,"Rain, Overcast",Cloudy skies throughout the day with rain.,rain,93546099999
"Nelson, NSN, NZ",18/08/2024,15.1,8.1,12.2,15.1,6.1,12,11.2,93.9,9.6,100,16.67,rain,0,0,39.6,33.5,55,987.7,93.4,7.2,29.7,2.7,2,10,2024-08-18T07:13:09,2024-08-18T17:48:57,0.44,"Rain, Overcast",Cloudy skies throughout the day with a chance of rain throughout the day.,rain,93546099999
"Nelson, NSN, NZ",19/08/2024,12.7,4.2,7.9,12.7,3,6.3,4.2,78.1,21.2,100,16.67,rain,0,0,54.7,31.7,227.7,992.4,46.5,16.8,138.5,12,5,10,2024-08-19T07:11:43,2024-08-19T17:49:56,0.47,"Rain, Partially cloudy",Partly cloudy throughout the day with a chance of rain throughout the day.,rain,93546099999
"Nelson, NSN, NZ",20/08/2024,10.2,2.9,6.6,10.2,1.2,5.7,3.2,80,0.3,100,12.5,rain,0,0,15.1,9.7,280.1,1013.3,51.7,17.2,110,9.6,5,10,2024-08-20T07:10:15,2024-08-20T17:50:56,0.5,"Rain, Partially cloudy",Partly cloudy throughout the day with afternoon rain.,rain,"93546099999,remote"
"Nelson, NSN, NZ",21/08/2024,12.4,0.7,6.6,12.4,-0.8,6.1,3.9,84,0.2,100,4.17,rain,0,0.4,13.7,14.8,27,1024.3,1,15,159.3,13.8,6,10,2024-08-21T07:08:47,2024-08-21T17:51:55,0.54,Rain,Clear conditions throughout the day with afternoon rain.,rain,93546099999
"Nelson, NSN, NZ",22/08/2024,13.1,2.2,8.1,13.1,-0.1,7.6,6.5,89.7,0,0,0,,0,0.3,10.1,24.1,17.3,1027.6,30.1,14.1,162.9,14.2,6,10,2024-08-22T07:07:17,2024-08-22T17:52:55,0.58,Partially cloudy,Becoming cloudy in the afternoon.,partly-cloudy-day,93546099999
"Nelson, NSN, NZ",23/08/2024,13.1,12.1,12.6,13.1,12.1,12.6,11.6,93.6,7.2,100,12.5,rain,0,0,56.5,42.5,30,1021,100,6,15.6,1.3,1,10,2024-08-23T07:05:47,2024-08-23T17:53:54,0.61,"Rain, Overcast",Cloudy skies throughout the day with rain.,rain,93546099999
"Nelson, NSN, NZ",24/08/2024,17.2,8.2,13,17.2,7.5,13,8.6,76.9,4.2,100,8.33,rain,0,0,33.5,29.5,225.3,1018.3,77.8,15,153.9,13.2,6,10,2024-08-24T07:04:16,2024-08-24T17:54:54,0.65,"Rain, Partially cloudy",Partly cloudy throughout the day with rain.,rain,93546099999
"Nelson, NSN, NZ",25/08/2024,14.4,5.9,10.7,14.4,5.9,10.6,7.7,82.2,0,0,0,rain,0,0,34.6,35.3,14.1,1017.1,84.8,17,134.1,11.6,5,10,2024-08-25T07:02:44,2024-08-25T17:55:53,0.68,Partially cloudy,Partly cloudy throughout the day.,partly-cloudy-day,"93546099999,remote"
"Nelson, NSN, NZ",26/08/2024,13.9,10.9,12.6,13.9,10.9,12.6,11.8,95.1,12.2,100,12.5,rain,0,0,15.8,22.3,41.4,1013.9,75.1,9.1,137.5,11.9,6,10,2024-08-26T07:01:11,2024-08-26T17:56:52,0.75,"Rain, Partially cloudy",Partly cloudy throughout the day with a chance of rain throughout the day.,rain,93546099999
"Nelson, NSN, NZ",27/08/2024,15.4,9.9,13.1,15.4,8.6,13,11.5,90.6,6,100,12.5,rain,0,0,32.8,20.5,53.6,1007.1,83.2,12.3,135.4,11.6,6,10,2024-08-27T06:59:38,2024-08-27T17:57:52,0.75,"Rain, Partially cloudy",Partly cloudy throughout the day with rain.,rain,93546099999
"Nelson, NSN, NZ",28/08/2024,17.6,8.9,11.9,17.6,8.3,11.8,9.3,84.6,0.8,100,4.17,rain,0,0,35.3,22.3,204.8,1006.4,77.1,16.7,158.1,13.7,6,10,2024-08-28T06:58:04,2024-08-28T17:58:51,0.79,"Rain, Partially cloudy",Partly cloudy throughout the day with morning rain.,rain,93546099999
"Nelson, NSN, NZ",29/08/2024,17.2,9.6,12.9,17.2,9.1,12.8,11.2,89.5,10,100,4.17,rain,0,0,39.2,33.5,53.8,1000.1,58.7,9.8,89.4,7.6,6,10,2024-08-29T06:56:29,2024-08-29T17:59:51,0.82,"Rain, Partially cloudy",Partly cloudy throughout the day with late afternoon rain.,rain,93546099999
"Nelson, NSN, NZ",30/08/2024,13.7,5.6,9.3,13.7,5.3,8.8,6.9,85.9,4.6,100,12.5,rain,0,0,30.6,18.4,191.2,1007.7,37.1,17.1,172,14.8,6,10,2024-08-30T06:54:53,2024-08-30T18:00:50,0.86,"Rain, Partially cloudy",Clearing in the afternoon with a chance of rain throughout the day.,rain,93546099999
"Nelson, NSN, NZ",31/08/2024,16.2,8.4,12.4,16.2,6.8,12.1,11.2,92.7,4,100,4.17,rain,0,0.1,67,38.9,37.1,1007.7,74.6,9,145.1,12.6,6,10,2024-08-31T06:53:17,2024-08-31T18:01:49,0.89,"Rain, Partially cloudy",Partly cloudy throughout the day with late afternoon rain.,rain,93546099999
"Nelson, NSN, NZ",1/09/2024,17.6,9.4,13.7,17.6,8.9,13.6,9.7,77.8,15.2,100,8.33,rain,0,0,42.8,29.5,16.9,1007.7,16.7,13.4,178.8,15.4,7,10,2024-09-01T06:51:40,2024-09-01T18:02:49,0.93,Rain,Clear conditions throughout the day with rain clearing later.,rain,93546099999
"Nelson, NSN, NZ",2/09/2024,17.9,5.6,11.4,17.9,4.6,11.2,9.2,86.8,0.2,100,4.17,rain,0,0,22.3,33.5,45.2,1013.4,27.8,10.9,187.6,16.1,7,10,2024-09-02T06:50:03,2024-09-02T18:03:48,0.96,"Rain, Partially cloudy",Clearing in the afternoon with late afternoon rain.,rain,93546099999
"Nelson, NSN, NZ",3/09/2024,16.6,9.4,13.3,16.6,7.2,13.2,11.2,87.7,1.2,100,8.33,rain,0,0,42.1,44.6,48.7,1002.8,64.2,9.2,107.4,9.3,6,10,2024-09-03T06:48:25,2024-09-03T18:04:47,0,"Rain, Partially cloudy",Partly cloudy throughout the day with rain in the morning and afternoon.,rain,93546099999
"Nelson, NSN, NZ",4/09/2024,13.9,7.2,10.3,13.9,6.4,9.9,7.4,82.8,18.2,100,12.5,rain,0,0,24.1,18.4,39.8,1013.1,68.6,19.3,173.3,15.1,7,10,2024-09-04T06:46:46,2024-09-04T18:05:47,0.03,"Rain, Partially cloudy",Clearing in the afternoon with a chance of rain throughout the day.,rain,93546099999
"Nelson, NSN, NZ",5/09/2024,14.9,4.7,9.8,14.9,4.7,9.4,6.8,83.2,0,0,0,,0,0,18.4,22.3,10.3,1019.5,23,17.7,194,16.8,7,10,2024-09-05T06:45:07,2024-09-05T18:06:46,0.06,Partially cloudy,Partly cloudy throughout the day.,partly-cloudy-day,93546099999
"Nelson, NSN, NZ",6/09/2024,17.7,6.1,12,17.7,5.1,11.7,6.3,70,0.2,100,4.17,rain,0,0,36.4,35.3,230,1017.9,48.4,19.6,178.4,15.3,6,10,2024-09-06T06:43:28,2024-09-06T18:07:46,0.1,"Rain, Partially cloudy",Partly cloudy throughout the day with morning rain.,rain,93546099999
"Nelson, NSN, NZ",7/09/2024,19.7,9.7,13.3,19.7,9.5,13.3,9,76.7,0,0,0,rain,0,0,54,44.6,260.8,1008.1,61,18.8,142.6,12.2,6,10,2024-09-07T06:41:48,2024-09-07T18:08:45,0.13,Partially cloudy,Partly cloudy throughout the day.,partly-cloudy-day,93546099999
"Nelson, NSN, NZ",8/09/2024,15.7,7.9,11.7,15.7,5.6,11.1,3.5,58.3,0,0,0,rain,0,0,42.8,29.5,231,1010.3,24.4,19.6,174,15.2,7,10,2024-09-08T06:40:08,2024-09-08T18:09:44,0.16,Partially cloudy,Clearing in the afternoon.,partly-cloudy-day,93546099999
"Nelson, NSN, NZ",9/09/2024,14.7,6.6,11.1,14.7,6.4,10.8,7.9,80.9,0,0,0,rain,0,0,33.5,42.5,1.8,1010.2,65.8,15,148,12.8,7,10,2024-09-09T06:38:27,2024-09-09T18:10:44,0.2,Partially cloudy,Partly cloudy throughout the day.,partly-cloudy-day,93546099999
"Nelson, NSN, NZ",10/09/2024,16.6,8.6,12.6,16.6,5.9,12.4,6.2,66.2,0,0,0,rain,0,0,51.5,38.9,227.9,1010,9.5,19.6,204.3,17.8,7,10,2024-09-10T06:36:46,2024-09-10T18:11:43,0.23,Clear,Clear conditions throughout the day.,clear-day,93546099999
"Nelson, NSN, NZ",11/09/2024,14.7,5.6,10.2,14.7,4.6,9.2,3.8,65.6,0,0,0,,0,0,56.2,35.3,240.5,1022.9,4.3,18.8,211,18,7,10,2024-09-11T06:35:04,2024-09-11T18:12:43,0.25,Clear,Clear conditions throughout the day.,clear-day,93546099999
"Nelson, NSN, NZ",12/09/2024,17.4,5.9,11.9,17.4,3.8,11.6,5.2,64.6,0,0,0,,0,0,33.8,24.1,238.7,1021.8,74.8,19.6,164.9,14.2,6,10,2024-09-12T06:33:23,2024-09-12T18:13:43,0.3,Partially cloudy,Partly cloudy throughout the day.,partly-cloudy-day,93546099999
"Nelson, NSN, NZ",13/09/2024,14.4,6.7,10.5,14.4,5.8,10.3,8.5,87.5,1,100,4.17,rain,0,0,43.6,38.9,19.3,1014.6,86.5,14.1,135.8,11.7,7,10,2024-09-13T06:31:41,2024-09-13T18:14:42,0.33,"Rain, Partially cloudy",Partly cloudy throughout the day with late afternoon rain.,rain,93546099999
"Nelson, NSN, NZ",14/09/2024,13.6,7.9,10.7,13.6,6.6,10.6,8.7,87.5,11.6,100,4.17,rain,0,0,10.8,24.1,40.1,1011.2,91.6,19.6,60.5,5.3,3,10,2024-09-14T06:29:59,2024-09-14T18:15:42,0.36,"Rain, Overcast",Cloudy skies throughout the day with afternoon rain.,rain,"93546099999,remote"
"Nelson, NSN, NZ",15/09/2024,14.1,5.2,10,14.1,5.2,9.9,7.7,86.5,0,0,0,,0,0,15.8,20.5,26.7,1008.4,33.9,18.5,209.5,18.1,7,10,2024-09-15T06:28:16,2024-09-15T18:16:42,0.4,Partially cloudy,Partly cloudy throughout the day.,partly-cloudy-day,93546099999
"Nelson, NSN, NZ",16/09/2024,12.6,7.9,10.1,12.6,6,9.3,6.9,81.4,4.6,100,8.33,rain,0,0,40.7,25.9,225.1,995.8,89.1,17.3,76.3,6.7,4,10,2024-09-16T06:26:34,2024-09-16T18:17:42,0.43,"Rain, Partially cloudy",Partly cloudy throughout the day with rain in the morning and afternoon.,rain,93546099999
"Nelson, NSN, NZ",17/09/2024,13.9,3.2,8.3,13.9,1.1,7.2,2.9,70.4,0.8,100,8.33,rain,0,0,37.8,29.5,191,993.7,77.2,18.3,115.3,10.1,6,10,2024-09-17T06:24:51,2024-09-17T18:18:42,0.46,"Rain, Partially cloudy",Partly cloudy throughout the day with rain.,rain,93546099999
"Nelson, NSN, NZ",18/09/2024,15.2,-0.1,8,15.2,-1.2,7.4,1.9,67.7,0.2,100,4.17,rain,0,0.1,34.2,35.3,238.1,1002.8,44,18.8,219.5,19.1,7,10,2024-09-18T06:23:08,2024-09-18T18:19:42,0.5,"Rain, Partially cloudy",Partly cloudy throughout the day with afternoon rain.,rain,93546099999
"Nelson, NSN, NZ",19/09/2024,15.2,5.1,9.6,15.2,5.1,9.2,6.4,81,3,100,4.17,rain,0,0,39.2,16.6,243.1,999.6,65.9,16.8,141.8,12.1,6,10,2024-09-19T06:21:25,2024-09-19T18:20:43,0.53,"Rain, Partially cloudy",Partly cloudy throughout the day with late afternoon rain.,rain,93546099999
"Nelson, NSN, NZ",20/09/2024,13.9,5.4,9.7,13.9,3.8,8.9,6.1,78.6,0.4,100,4.17,rain,0,0,25.2,14.8,245.6,999.9,17.9,17.1,225.1,19.4,7,10,2024-09-20T06:19:42,2024-09-20T18:21:43,0.56,Rain,Clear conditions throughout the day with early morning rain.,rain,93546099999
"Nelson, NSN, NZ",21/09/2024,15.4,7.6,10.8,15.4,5.8,9.7,5.6,71.3,0.2,100,4.17,rain,0,0,37.1,25.9,239,1008.6,55.3,17.1,231.1,20,8,10,2024-09-21T06:17:59,2024-09-21T18:22:44,0.6,"Rain, Partially cloudy",Partly cloudy throughout the day with early morning rain.,rain,93546099999
"Nelson, NSN, NZ",22/09/2024,16.4,6.1,10.1,16.4,4.1,9.6,6.8,80.7,0,0,0,,0,0,28.8,20.5,265,1010.4,63.6,17.1,192,16.8,8,10,2024-09-22T06:16:16,2024-09-22T18:23:44,0.63,Partially cloudy,Clearing in the afternoon.,partly-cloudy-day,93546099999
"Nelson, NSN, NZ",23/09/2024,13.6,5.9,9.6,13.6,4.8,9.1,5.7,77.3,0.1,100,4.17,rain,0,0,36,18.7,235.3,1010.4,57.8,22.6,159.2,13.7,5,10,2024-09-23T06:14:33,2024-09-23T18:24:45,0.67,"Rain, Partially cloudy",Partly cloudy throughout the day with afternoon rain.,rain,"93546099999,remote"
"Nelson, NSN, NZ",24/09/2024,15.3,6.1,10.2,15.3,3.1,8.5,4.1,67.5,1.1,100,8.33,rain,0,0,65.5,33.8,230.2,1008.9,35.8,23.7,193.9,16.8,8,10,2024-09-24T06:12:50,2024-09-24T18:25:47,0.7,"Rain, Partially cloudy",Clearing in the afternoon with morning rain.,rain,remote
"Nelson, NSN, NZ",25/09/2024,11.5,4.4,8.1,11.5,1.7,6.7,1.9,66,0,0,0,,0,0,26.6,15.8,231,1019.2,45.8,24.1,239.2,20.8,8,10,2024-09-25T06:11:07,2024-09-25T18:26:48,0.75,Partially cloudy,Partly cloudy throughout the day.,partly-cloudy-day,remote
"Nelson, NSN, NZ",26/09/2024,13.9,6.3,10.6,13.9,3.6,9.6,6.5,76.4,0.2,100,8.33,rain,0,0,47.5,28.4,323.1,1010.7,73.1,18.2,201.8,17.4,7,10,2024-09-26T06:09:25,2024-09-26T18:27:49,0.77,"Rain, Partially cloudy",Partly cloudy throughout the day with rain.,rain,remote
"Nelson, NSN, NZ",27/09/2024,13.2,5.6,9.7,13.2,1.9,8,2.2,61.9,0.3,100,4.17,rain,0,0,45,25.6,230.7,1010.8,45.1,22.8,247.3,21.3,8,10,2024-09-27T06:07:42,2024-09-27T18:28:51,0.8,"Rain, Partially cloudy",Partly cloudy throughout the day with early morning rain.,rain,remote
"Nelson, NSN, NZ",28/09/2024,14.1,4.7,9.3,14.1,1.1,7.7,2.8,65.1,0,0,0,,0,0,35.6,18.7,242.6,1019.9,24.7,24.1,240.6,20.7,8,10,2024-09-28T06:06:00,2024-09-28T18:29:53,0.84,Partially cloudy,Partly cloudy throughout the day.,partly-cloudy-day,remote
"Nelson, NSN, NZ",29/09/2024,15.2,6.7,10.2,15.2,3,8.7,4.6,69.5,0,0,0,,0,0,43.6,23.4,235.4,1022.3,43.9,24.1,258.1,21.2,8,10,2024-09-29T07:04:17,2024-09-29T19:30:55,0.87,Partially cloudy,Partly cloudy throughout the day.,partly-cloudy-day,remote
"Nelson, NSN, NZ",30/09/2024,13.1,7,10,13.1,5.8,9.4,5.1,72.7,0,0,0,,0,0,14.8,11.5,72.3,1026.5,27.8,24.1,260.2,22.6,8,10,2024-09-30T07:02:35,2024-09-30T19:31:58,0.9,Partially cloudy,Partly cloudy throughout the day.,partly-cloudy-day,remote
"Nelson, NSN, NZ",1/10/2024,13.4,8.1,10.4,13.4,8.1,10.4,7.6,83.1,0,0,0,,0,0,28.4,20.5,29,1023,95.8,24,207.1,17.9,7,10,2024-10-01T07:00:54,2024-10-01T19:33:00,0.94,Overcast,Cloudy skies throughout the day.,cloudy,remote
"Nelson, NSN, NZ",2/10/2024,12.6,8.9,11.1,12.6,8.9,11.1,10,93.3,25.2,100,66.67,rain,0,0,58,28.4,21.8,1013.6,99.9,10.9,25,2.1,1,10,2024-10-02T06:59:12,2024-10-02T19:34:03,0.97,"Rain, Overcast",Cloudy skies throughout the day with a chance of rain throughout the day.,rain,remote
"Nelson, NSN, NZ",3/10/2024,13.1,9.4,11.9,13.1,8,11.8,10.8,92.9,45.5,100,75,rain,0,0,58.3,33.5,56.8,1006.3,97.5,10.4,58.3,5.2,3,10,2024-10-03T06:57:31,2024-10-03T19:35:07,0,"Rain, Overcast",Cloudy skies throughout the day with a chance of rain throughout the day.,rain,remote
"Nelson, NSN, NZ",4/10/2024,12.4,7.7,10.2,12.4,6.9,10.1,6.8,80,0.5,100,16.67,rain,0,0,13,11.2,357.6,1012,26.7,22.7,266,22.9,8,10,2024-10-04T06:55:50,2024-10-04T19:36:10,0.04,"Rain, Partially cloudy",Partly cloudy throughout the day with rain clearing later.,rain,remote
"Nelson, NSN, NZ",5/10/2024,12,7.7,10.1,12,6.6,9.7,6.6,79.4,3.9,100,33.33,rain,0,0,24.5,15.5,48.3,1010.2,49.2,20.5,132.9,11.4,6,10,2024-10-05T06:54:10,2024-10-05T19:37:14,0.07,"Rain, Partially cloudy",Partly cloudy throughout the day with rain.,rain,remote
"Nelson, NSN, NZ",6/10/2024,12.4,8,10.4,12.4,7.4,10.4,8.6,88.8,2.3,100,25,rain,0,0,16.9,8.6,28.9,1009.4,82.4,13.8,105.8,9.2,5,10,2024-10-06T06:52:30,2024-10-06T19:38:18,0.11,"Rain, Partially cloudy",Partly cloudy throughout the day with rain.,rain,remote
"Nelson, NSN, NZ",7/10/2024,15.1,9.7,12.4,15.1,8.1,12.3,9.9,85.5,0.8,100,25,rain,0,0,31,16.9,247.7,1007.6,71,17.4,166.1,14.4,7,10,2024-10-07T06:50:51,2024-10-07T19:39:23,0.14,"Rain, Partially cloudy",Partly cloudy throughout the day with rain.,rain,remote
"Nelson, NSN, NZ",8/10/2024,15.8,9,11.9,15.8,6.8,11.3,8.3,79.4,0.8,100,12.5,rain,0,0,40.3,31.7,316,1009.3,68.3,21.3,236.4,20.5,8,10,2024-10-08T06:49:12,2024-10-08T19:40:27,0.18,"Rain, Partially cloudy",Partly cloudy throughout the day with late afternoon rain.,rain,remote
"Nelson, NSN, NZ",9/10/2024,13.6,6.8,10.5,13.6,4.5,9.4,4.8,69.3,0.2,100,8.33,rain,0,0,46.1,26.3,249.8,1006.2,34.4,24.1,268.1,23.2,9,10,2024-10-09T06:47:33,2024-10-09T19:41:32,0.21,"Rain, Partially cloudy",Clearing in the afternoon with rain in the morning and afternoon.,rain,remote
"Nelson, NSN, NZ",10/10/2024,11,6.2,8.9,11,5,8.4,4.5,73.8,0.9,100,33.33,rain,0,0,27.4,14.4,33,1016.9,44.4,23.8,230.8,19.9,9,10,2024-10-10T06:45:56,2024-10-10T19:42:38,0.24,"Rain, Partially cloudy",Clearing in the afternoon with rain in the morning and afternoon.,rain,remote
"Nelson, NSN, NZ",11/10/2024,12.9,6,9.4,12.9,4.5,8.8,4.8,73.9,0,0,0,,0,0,22.7,14.8,235.7,1018.7,4.7,24.1,289.2,24.9,9,10,2024-10-11T06:44:18,2024-10-11T19:43:44,0.25,Clear,Clear conditions throughout the day.,clear-day,remote
"Nelson, NSN, NZ",12/10/2024,16.3,5.6,10.8,16.3,3,9.4,4.6,66.9,0,0,0,,0,0,39.2,21.6,233.4,1010,7.3,24.1,291.3,25.2,9,10,2024-10-12T06:42:42,2024-10-12T19:44:50,0.31,Clear,Clear conditions throughout the day.,clear-day,remote
"Nelson, NSN, NZ",13/10/2024,12.7,5.6,9.6,12.7,2.8,8,5.3,75.6,10.8,100,50,rain,0,0,39.6,21.6,210.3,1008.4,80.7,19.2,205.7,17.8,8,10,2024-10-13T06:41:06,2024-10-13T19:45:56,0.35,"Rain, Partially cloudy",Partly cloudy throughout the day with rain.,rain,remote
"Nelson, NSN, NZ",14/10/2024,10.7,5.1,7.6,10.7,2,5.7,4.6,81.6,11,100,66.67,rain,0,0,31.3,17.6,203.3,1009.8,80.2,18.7,102.4,8.8,4,10,2024-10-14T06:39:30,2024-10-14T19:47:03,0.38,"Rain, Partially cloudy",Partly cloudy throughout the day with a chance of rain throughout the day.,rain,
"Nelson, NSN, NZ",15/10/2024,13.5,5.9,9.1,13.5,3.5,7.9,5.1,76.8,5.4,71,37.5,rain,0,0,19.4,15.5,220,1015.3,71.9,22.1,196.9,17,8,10,2024-10-15T06:37:56,2024-10-15T19:48:10,0.41,"Rain, Partially cloudy",Partly cloudy throughout the day with a chance of rain.,rain,
"Nelson, NSN, NZ",16/10/2024,13.1,5.6,8.7,13.1,3.4,7.8,3.2,70,0.1,51.6,4.17,rain,0,0,15.8,12.6,173.4,1024.4,69.6,23,237.8,20.4,7,10,2024-10-16T06:36:22,2024-10-16T19:49:18,0.45,"Rain, Partially cloudy",Partly cloudy throughout the day with early morning rain.,rain,
"Nelson, NSN, NZ",17/10/2024,11.2,3.4,7.5,11.2,1,6.4,1.1,64.8,0,16.1,0,,0,0,12.6,12.6,75,1026.7,3.3,24.1,306.7,26.6,9,10,2024-10-17T06:34:49,2024-10-17T19:50:25,0.48,Clear,Clear conditions throughout the day.,clear-day,
"Nelson, NSN, NZ",18/10/2024,12.9,5.9,9.4,12.9,4.4,8.7,4,69.6,0,19.4,0,,0,0,9.5,9.7,166.6,1019.8,0.3,24.1,305.4,26.6,9,10,2024-10-18T06:33:17,2024-10-18T19:51:34,0.5,Clear,Clear conditions throughout the day.,clear-day,
"Nelson, NSN, NZ",19/10/2024,14.8,7.5,10.9,14.8,5.7,10.3,5.4,69.8,0,38.7,0,,0,0,16.2,10.8,231.9,1016.3,77.5,24.1,197.3,17.1,6,10,2024-10-19T06:31:45,2024-10-19T19:52:42,0.55,Partially cloudy,Partly cloudy throughout the day.,partly-cloudy-day,
"Nelson, NSN, NZ",20/10/2024,13.6,8.7,11.5,13.6,8,11.4,7.8,78.1,0,41.9,0,,0,0,12.2,12.2,44.9,1018.9,76.4,24,274.4,23.6,8,10,2024-10-20T06:30:15,2024-10-20T19:53:51,0.58,Partially cloudy,Partly cloudy throughout the day.,partly-cloudy-day,
"Nelson, NSN, NZ",21/10/2024,13,11.3,12.1,13,11.3,12.1,10.3,88.6,8.9,32.3,20.83,rain,0,0,45.7,26.6,24.8,1017.2,100,15.6,27.3,2.4,1,10,2024-10-21T06:28:45,2024-10-21T19:55:01,0.62,Overcast,Cloudy skies throughout the day.,cloudy,
"Nelson, NSN, NZ",22/10/2024,15.8,13.3,14.4,15.8,13.3,14.4,13.4,94.1,7.2,25.8,25,rain,0,0,44.5,26.2,16.8,1005.8,73.9,6.8,156.5,13.5,4,10,2024-10-22T06:27:17,2024-10-22T19:56:10,0.65,Partially cloudy,Partly cloudy throughout the day.,partly-cloudy-day,
"Nelson, NSN, NZ",23/10/2024,13.5,9.5,11.8,13.5,8.2,11.6,9.6,86.4,3.2,48.4,20.83,rain,0,0,13.3,8.9,132.6,1010.5,75.2,21.8,114.5,9.9,4,10,2024-10-23T06:25:49,2024-10-23T19:57:20,0.68,"Rain, Partially cloudy",Partly cloudy throughout the day with rain in the morning and afternoon.,rain,
"Nelson, NSN, NZ",24/10/2024,12.7,7.6,10.5,12.7,6.3,9.9,6.9,79.3,0,38.7,0,,0,0,20.5,14.4,67.5,1018.6,87,23.3,263.3,22.8,8,10,2024-10-24T06:24:23,2024-10-24T19:58:31,0.75,Partially cloudy,Partly cloudy throughout the day.,partly-cloudy-day,
"Nelson, NSN, NZ",25/10/2024,16.7,10.6,13.7,16.7,10.6,13.7,11.3,86.3,24,41.9,25,rain,0,0,53.3,31.3,342.1,1012.3,62.5,11,124,11,5,10,2024-10-25T06:22:57,2024-10-25T19:59:41,0.75,Partially cloudy,Partly cloudy throughout the day.,partly-cloudy-day,
"Nelson, NSN, NZ",26/10/2024,14,8.5,11.3,14,7.8,11,7.3,76.8,0,22.6,0,,0,0,17.3,13.7,59.2,1020.8,58.1,24.1,284.3,24.6,8,10,2024-10-26T06:21:33,2024-10-26T20:00:52,0.78,Partially cloudy,Partly cloudy throughout the day.,partly-cloudy-day,
"Nelson, NSN, NZ",27/10/2024,14.7,9.3,12.1,14.7,9.3,12.1,9.3,83.2,3,54.8,4.17,rain,0,0,52.9,28.9,38,1015.7,88.8,19.9,263.3,22.5,7,10,2024-10-27T06:20:10,2024-10-27T20:02:04,0.81,"Rain, Partially cloudy",Partly cloudy throughout the day with a chance of rain.,rain,
